date,sessions,total_users,new_users,page_views,avg_session_duration,bounce_rate,engagement_rate,engaged_sessions,sessions_per_user,page_views_per_session,event_count,conversions,total_revenue
2025-04-29T00:00:00Z,1193,948,337,4062,155.6,47.53,51.92,687,1.26,3.4,4348,38,1861.94
2025-04-30T00:00:00Z,1166,978,402,3900,150.0,42.17,58.3,698,1.19,3.34,5758,37,1808.05
2025-05-01T00:00:00Z,1123,874,304,3421,141.2,44.75,54.74,622,1.28,3.05,5547,36,1717.8
2025-05-02T00:00:00Z,1186,974,411,4079,135.2,46.25,54.16,657,1.22,3.44,6233,40,2051.02
2025-05-03T00:00:00Z,792,668,233,2397,162.8,45.14,55.02,442,1.19,3.03,3471,24,1177.17
2025-05-04T00:00:00Z,843,686,283,2740,109.9,41.22,59.95,478,1.23,3.25,3602,26,1288.9
2025-05-05T00:00:00Z,1258,1061,427,3554,154.1,46.32,53.67,771,1.19,2.83,5195,38,1913.07
2025-05-06T00:00:00Z,1176,927,368,3810,152.8,42.97,57.23,650,1.27,3.24,5153,39,1651.48
2025-05-07T00:00:00Z,1227,982,424,3620,156.8,44.05,56.22,726,1.25,2.95,4180,41,1549.98
2025-05-08T00:00:00Z,1274,1068,405,4296,144.9,43.86,56.01,760,1.19,3.37,5897,37,1688.57
2025-05-09T00:00:00Z,1251,966,432,4015,154.2,41.08,58.15,774,1.3,3.21,5907,40,1807.86
2025-05-10T00:00:00Z,916,736,287,2878,137.4,45.72,54.69,512,1.24,3.14,3757,29,1522.12
2025-05-11T00:00:00Z,830,664,260,2660,136.9,43.37,56.78,463,1.25,3.2,3531,25,1265.44
2025-05-12T00:00:00Z,1259,993,419,4024,150.3,45.97,54.56,679,1.27,3.2,4781,39,1875.8
2025-05-13T00:00:00Z,1143,953,384,3750,155.0,45.83,54.08,641,1.2,3.28,4589,35,1707.37
2025-05-14T00:00:00Z,1122,893,360,3645,109.6,41.42,57.88,676,1.26,3.25,5478,36,1387.0
2025-05-15T00:00:00Z,1182,940,369,3650,115.7,48.37,51.48,668,1.26,3.09,4497,40,1651.23
2025-05-16T00:00:00Z,1164,952,363,3487,162.5,47.49,51.46,682,1.22,3.0,5647,40,1723.07
2025-05-17T00:00:00Z,877,710,253,2698,125.9,45.62,53.87,508,1.24,3.08,4508,27,1385.48
2025-05-18T00:00:00Z,867,710,274,2901,164.1,44.01,56.83,521,1.22,3.35,4031,28,1330.78
2025-05-19T00:00:00Z,1169,964,387,3999,128.4,46.77,53.61,655,1.21,3.42,6126,39,1818.91
2025-05-20T00:00:00Z,1160,941,390,3771,131.7,48.66,51.48,599,1.23,3.25,4632,37,1326.19
2025-05-21T00:00:00Z,1124,939,367,3535,134.7,41.83,58.92,666,1.2,3.15,5550,37,1593.42
2025-05-22T00:00:00Z,1288,1078,386,4089,157.3,42.41,57.28,683,1.19,3.17,5468,41,1781.32
2025-05-23T00:00:00Z,1241,1031,403,4236,146.1,43.69,56.45,726,1.2,3.41,5139,43,1891.77
2025-05-24T00:00:00Z,888,748,321,2874,136.6,41.33,58.47,476,1.19,3.24,3849,28,1236.93
2025-05-25T00:00:00Z,851,679,277,2959,162.9,42.37,57.49,513,1.25,3.48,4117,27,1110.27
2025-05-26T00:00:00Z,1210,972,405,4088,123.2,48.92,51.66,715,1.24,3.38,6233,42,1896.62
2025-05-27T00:00:00Z,1204,1010,390,4126,127.6,42.6,56.95,741,1.19,3.43,4794,38,1871.03
2025-05-28T00:00:00Z,1165,1006,350,4160,143.2,45.41,54.77,620,1.16,3.57,5197,37,1932.43
2025-05-29T00:00:00Z,1228,1069,418,3624,140.8,48.54,52.03,672,1.15,2.95,6013,39,1707.83
2025-05-30T00:00:00Z,1271,1055,444,4011,129.0,49.75,49.62,748,1.2,3.16,5517,42,1712.64
2025-05-31T00:00:00Z,836,694,298,2706,134.5,45.86,54.54,492,1.2,3.24,3801,27,1344.99
2025-06-01T00:00:00Z,889,707,298,2887,155.4,47.8,51.9,478,1.26,3.25,4090,29,1286.5
2025-06-02T00:00:00Z,993,774,269,3220,111.2,45.07,53.92,589,1.28,3.24,3739,30,1264.31
2025-06-03T00:00:00Z,988,813,326,3238,132.2,43.26,57.4,565,1.22,3.28,3977,31,1509.85
2025-06-04T00:00:00Z,1042,837,293,3188,143.9,46.95,52.64,591,1.24,3.06,4946,31,1390.05
2025-06-05T00:00:00Z,969,805,311,2953,143.7,43.67,56.74,539,1.2,3.05,4121,30,1354.05
2025-06-06T00:00:00Z,992,800,330,3295,117.5,42.36,56.83,597,1.24,3.32,4026,33,1454.2
2025-06-07T00:00:00Z,734,565,231,2532,154.4,44.2,54.68,424,1.3,3.45,3032,23,948.73
2025-06-08T00:00:00Z,774,649,264,2974,132.1,45.11,53.91,444,1.19,3.84,3686,24,1143.37
2025-06-09T00:00:00Z,998,807,305,3137,99.6,44.29,55.37,581,1.24,3.14,4085,31,1249.78
2025-06-10T00:00:00Z,976,797,319,3043,157.5,42.8,57.74,531,1.22,3.12,4644,30,1348.62
2025-06-11T00:00:00Z,1042,858,366,3578,156.2,43.28,56.02,600,1.21,3.43,5511,31,1440.96
2025-06-12T00:00:00Z,1028,885,317,3565,145.8,46.98,52.22,595,1.16,3.47,5009,33,1472.08
2025-06-13T00:00:00Z,1019,851,304,3092,161.9,43.61,56.26,591,1.2,3.03,5529,31,1372.76
2025-06-14T00:00:00Z,751,637,226,2245,142.5,43.47,56.69,415,1.18,2.99,2978,25,1109.73
2025-06-15T00:00:00Z,719,588,271,2213,150.2,44.98,54.69,425,1.22,3.08,2812,21,947.39
2025-06-16T00:00:00Z,1212,983,391,4056,119.7,46.57,53.47,671,1.23,3.35,5396,43,1956.91
2025-06-17T00:00:00Z,1245,1025,373,3627,161.8,48.0,52.75,742,1.21,2.91,4911,40,2020.36
2025-06-18T00:00:00Z,1201,1005,391,3395,164.0,43.3,56.35,656,1.2,2.83,4802,39,1769.28
2025-06-19T00:00:00Z,1209,974,400,3997,176.6,48.78,50.4,718,1.24,3.31,5374,41,1600.33
2025-06-20T00:00:00Z,1287,1044,400,3829,150.7,41.33,57.74,715,1.23,2.98,5383,42,1668.46
2025-06-21T00:00:00Z,912,767,307,2783,148.7,39.99,59.54,547,1.19,3.05,3518,28,1255.19
2025-06-22T00:00:00Z,849,692,261,2392,132.2,43.52,56.44,466,1.23,2.82,3784,26,1291.23
2025-06-23T00:00:00Z,1363,1153,486,5011,162.7,44.48,54.74,811,1.18,3.68,6194,41,2012.46
2025-06-24T00:00:00Z,1303,1086,419,4318,128.8,41.28,58.98,750,1.2,3.31,5694,47,1832.07
2025-06-25T00:00:00Z,1165,949,350,3627,134.3,46.82,52.15,661,1.23,3.11,4079,35,1572.85
2025-06-26T00:00:00Z,1218,1015,383,3959,134.1,49.35,50.72,662,1.2,3.25,5021,36,1440.46
2025-06-27T00:00:00Z,1212,1031,400,3630,151.4,43.5,56.03,674,1.18,3.0,5483,37,1353.14
2025-06-28T00:00:00Z,932,776,284,2987,128.1,44.13,56.08,545,1.2,3.2,4551,31,1223.31
2025-06-29T00:00:00Z,906,767,343,3001,138.7,44.74,55.47,527,1.18,3.31,4232,26,1185.55
2025-06-30T00:00:00Z,1249,1048,417,4600,150.4,44.88,55.32,725,1.19,3.68,6453,36,1793.97
2025-07-01T00:00:00Z,1234,1010,368,4036,142.5,49.23,51.0,718,1.22,3.27,5899,37,1579.95
2025-07-02T00:00:00Z,1108,920,429,3043,151.9,42.98,56.66,664,1.2,2.75,5212,20,875.3
2025-07-03T00:00:00Z,1289,1027,370,4117,145.9,44.21,55.5,716,1.26,3.19,4784,26,1115.88
2025-07-04T00:00:00Z,1320,1094,415,3788,156.9,45.4,53.69,716,1.21,2.87,6618,31,1325.12
2025-07-05T00:00:00Z,895,702,291,3128,131.0,46.82,52.39,496,1.27,3.49,4058,19,870.62
2025-07-06T00:00:00Z,917,773,344,3235,136.7,46.92,53.27,508,1.19,3.53,4427,16,823.13
2025-07-07T00:00:00Z,1375,1117,475,5151,141.2,47.37,52.18,724,1.23,3.75,6294,28,1151.49
2025-07-08T00:00:00Z,1239,1007,376,3937,160.1,42.13,57.59,767,1.23,3.18,4843,22,1016.26
2025-07-09T00:00:00Z,1401,1118,486,4856,169.9,48.59,52.2,799,1.25,3.47,6104,23,964.43
2025-07-10T00:00:00Z,1306,1092,424,3921,134.7,45.54,55.85,778,1.2,3.0,5237,26,1187.56
2025-07-11T00:00:00Z,1272,1039,452,4321,156.9,43.9,56.04,719,1.22,3.4,4897,23,909.01
2025-07-12T00:00:00Z,931,758,274,2767,131.3,45.69,52.99,573,1.23,2.97,4215,16,688.36
2025-07-13T00:00:00Z,932,769,299,3136,144.7,45.28,55.71,537,1.21,3.36,5029,19,681.96
2025-07-14T00:00:00Z,1270,1081,423,4396,124.1,46.11,52.71,766,1.17,3.46,5520,28,1261.03
2025-07-15T00:00:00Z,1319,1084,424,4423,130.3,39.87,60.5,724,1.22,3.35,6616,28,1478.6
2025-07-16T00:00:00Z,1281,1080,361,4155,137.9,42.39,57.39,757,1.19,3.24,5424,40,1998.81
2025-07-17T00:00:00Z,1305,1029,417,4051,138.1,43.48,56.88,764,1.27,3.1,6656,41,2040.61
2025-07-18T00:00:00Z,1343,1098,423,3946,154.9,41.02,59.79,781,1.22,2.94,6913,47,2156.58
2025-07-19T00:00:00Z,914,765,326,2761,141.8,43.19,55.34,544,1.19,3.02,3713,28,1195.72
2025-07-20T00:00:00Z,874,738,286,3144,130.0,46.74,53.45,492,1.18,3.6,3235,29,1222.38
2025-07-21T00:00:00Z,1343,1115,456,4867,104.9,44.26,55.78,791,1.2,3.62,6121,42,2217.69
2025-07-22T00:00:00Z,1249,1029,385,4164,149.7,47.54,52.61,738,1.21,3.33,5918,40,2142.8
2025-07-23T00:00:00Z,1287,1031,377,4147,135.3,45.72,54.8,732,1.25,3.22,6048,45,2121.66
2025-07-24T00:00:00Z,1286,1008,376,3968,125.3,42.85,57.29,758,1.28,3.09,4982,47,2170.78
2025-07-25T00:00:00Z,1213,1003,390,3914,151.0,44.51,55.28,716,1.21,3.23,5094,41,1543.14
2025-07-26T00:00:00Z,973,831,293,3130,151.1,46.81,53.13,559,1.17,3.22,3595,29,1056.39
2025-07-27T00:00:00Z,917,726,302,3253,142.2,44.59,54.67,540,1.26,3.55,3515,30,1219.61
2025-07-28T00:00:00Z,1341,1108,451,4427,162.4,44.92,55.18,821,1.21,3.3,6245,45,2101.43
2025-07-29T00:00:00Z,1246,1009,412,3786,152.2,44.04,55.02,705,1.23,3.04,5767,39,1637.88
2025-07-30T00:00:00Z,1295,1095,428,4434,131.2,42.71,57.03,704,1.18,3.42,5836,41,1865.54
2025-07-31T00:00:00Z,1229,995,403,3332,138.3,47.32,52.25,763,1.24,2.71,5871,37,1758.97
2025-08-01T00:00:00Z,1142,961,385,3486,131.3,47.4,52.23,643,1.19,3.05,4161,41,1632.41
2025-08-02T00:00:00Z,812,667,267,2360,128.5,47.02,53.73,493,1.22,2.91,2797,24,1232.91
2025-08-03T00:00:00Z,801,640,257,2314,174.7,41.35,58.55,482,1.25,2.89,3018,26,1083.95
2025-08-04T00:00:00Z,1056,868,384,3312,159.0,41.66,58.29,628,1.22,3.14,4901,37,1757.96
2025-08-05T00:00:00Z,1073,872,313,3444,145.3,42.08,57.42,628,1.23,3.21,5018,33,1332.84
2025-08-06T00:00:00Z,1228,1012,432,4177,158.8,42.54,56.54,756,1.21,3.4,6500,40,1745.25
2025-08-07T00:00:00Z,1148,933,336,3995,139.4,42.95,57.48,668,1.23,3.48,5471,36,1968.72
2025-08-08T00:00:00Z,1142,965,413,3614,139.4,43.97,55.77,691,1.18,3.16,5061,35,1811.84
2025-08-09T00:00:00Z,835,662,255,2661,128.7,44.79,55.54,470,1.26,3.19,3030,29,1231.93
2025-08-10T00:00:00Z,879,722,301,2792,138.5,42.45,56.67,511,1.22,3.18,3909,29,1267.83
2025-08-11T00:00:00Z,1047,818,314,2879,119.8,43.3,56.91,599,1.28,2.75,4884,36,1563.67
2025-08-12T00:00:00Z,1107,897,353,4186,136.8,44.41,55.46,655,1.23,3.78,4312,40,1750.77
2025-08-13T00:00:00Z,1185,1001,385,3546,123.6,44.62,56.32,638,1.18,2.99,4861,40,2077.44
2025-08-14T00:00:00Z,1203,1004,372,4166,154.9,46.08,53.88,652,1.2,3.46,5290,33,1350.98
2025-08-15T00:00:00Z,1347,1141,469,4138,157.3,45.76,54.43,784,1.18,3.07,5356,47,2311.02
2025-08-16T00:00:00Z,907,736,279,3067,130.0,43.66,56.14,509,1.23,3.38,4267,30,1229.74
2025-08-17T00:00:00Z,945,810,286,3350,162.7,45.76,54.03,540,1.17,3.54,4832,31,1518.6
2025-08-18T00:00:00Z,1366,1121,426,4051,147.8,48.17,52.02,801,1.22,2.97,5982,43,2019.99
2025-08-19T00:00:00Z,1189,985,376,3554,167.4,45.03,55.15,684,1.21,2.99,4893,41,2130.68
2025-08-20T00:00:00Z,1387,1186,526,4804,175.7,46.73,53.33,835,1.17,3.46,6636,44,1856.63
2025-08-21T00:00:00Z,1375,1141,467,4746,126.6,42.84,56.66,814,1.21,3.45,6999,44,1764.8
2025-08-22T00:00:00Z,1307,1065,401,4259,148.4,46.32,54.29,715,1.23,3.26,5730,39,1628.39
2025-08-23T00:00:00Z,939,748,292,3419,124.6,46.72,53.98,520,1.26,3.64,4069,29,1350.64
2025-08-24T00:00:00Z,907,751,335,2870,123.2,45.05,54.14,538,1.21,3.16,4168,27,1265.01
2025-08-25T00:00:00Z,1412,1185,456,4380,160.7,43.37,57.69,774,1.19,3.1,6651,49,1785.51
2025-08-26T00:00:00Z,1367,1118,505,3849,156.8,41.86,57.97,805,1.22,2.82,5789,47,2044.88
2025-08-27T00:00:00Z,1404,1179,504,4191,167.5,44.04,55.56,847,1.19,2.99,6839,44,2102.78
2025-08-28T00:00:00Z,1256,1015,391,4518,137.9,42.63,58.77,705,1.24,3.6,5147,43,1786.99
2025-08-29T00:00:00Z,1339,1124,367,4541,120.7,44.25,55.53,777,1.19,3.39,6380,44,2081.53
2025-08-30T00:00:00Z,845,708,260,2823,159.0,46.76,53.7,485,1.19,3.34,4250,27,1277.59
2025-08-31T00:00:00Z,995,854,328,3495,128.4,44.79,54.92,563,1.17,3.51,3832,28,1244.63
2025-09-01T00:00:00Z,1335,1079,439,4354,157.6,41.66,58.84,750,1.24,3.26,6095,41,1807.0
2025-09-02T00:00:00Z,1364,1151,462,4459,148.7,45.63,54.33,789,1.19,3.27,6116,42,1947.34
2025-09-03T00:00:00Z,1374,1147,463,4017,141.1,43.75,55.68,756,1.2,2.92,5523,45,2005.48
2025-09-04T00:00:00Z,1426,1171,444,4651,163.7,42.69,58.53,831,1.22,3.26,7754,50,1858.62
2025-09-05T00:00:00Z,1510,1179,499,5333,160.0,45.27,54.74,895,1.28,3.53,7247,53,2208.42
2025-09-06T00:00:00Z,967,802,334,3023,125.0,40.34,59.56,542,1.21,3.13,4007,33,1254.85
2025-09-07T00:00:00Z,964,798,332,2803,167.8,45.83,53.89,566,1.21,2.91,4663,33,1263.47
2025-09-08T00:00:00Z,1460,1215,485,4743,143.6,43.52,56.11,857,1.2,3.25,7172,49,2269.28
2025-09-09T00:00:00Z,1437,1227,473,4330,170.6,42.21,57.28,811,1.17,3.01,5599,41,1801.21
2025-09-10T00:00:00Z,1383,1130,499,4238,132.2,44.47,54.52,828,1.22,3.06,5645,44,1605.69
2025-09-11T00:00:00Z,1394,1159,464,4057,140.5,45.84,54.56,762,1.2,2.91,6527,44,1858.95
2025-09-12T00:00:00Z,1391,1118,418,4703,149.4,44.2,54.87,771,1.24,3.38,5630,45,1664.48
2025-09-13T00:00:00Z,993,849,310,3478,135.9,41.72,59.12,557,1.17,3.5,4802,29,1338.16
2025-09-14T00:00:00Z,1003,820,294,3034,134.2,45.26,54.43,557,1.22,3.02,4452,31,1285.24
2025-09-15T00:00:00Z,1370,1155,483,5093,129.4,43.91,55.52,770,1.19,3.72,6064,46,1687.97
2025-09-16T00:00:00Z,1333,1109,417,4759,170.6,47.65,52.2,749,1.2,3.57,6259,47,2359.28
2025-09-17T00:00:00Z,1413,1184,473,4633,126.1,45.54,54.21,825,1.19,3.28,7655,53,2153.22
2025-09-18T00:00:00Z,1423,1220,534,4338,113.4,45.78,54.22,815,1.17,3.05,5461,43,1597.17
2025-09-19T00:00:00Z,1454,1189,537,4770,135.8,46.24,54.21,837,1.22,3.28,7350,44,2256.98
2025-09-20T00:00:00Z,1004,820,354,3217,147.2,40.86,58.82,522,1.22,3.2,4932,34,1686.11
2025-09-21T00:00:00Z,1007,833,301,3334,134.5,47.33,51.57,569,1.21,3.31,4151,35,1599.31
2025-09-22T00:00:00Z,1395,1192,475,4278,158.7,43.06,57.65,838,1.17,3.07,7543,45,2322.3
2025-09-23T00:00:00Z,1375,1182,487,4772,132.4,46.56,53.5,775,1.16,3.47,7250,48,2171.31
2025-09-24T00:00:00Z,1452,1197,553,4380,140.6,46.09,52.52,761,1.21,3.02,7066,44,2260.87
2025-09-25T00:00:00Z,1389,1132,452,4717,136.2,44.97,55.37,774,1.23,3.4,6894,41,1787.91
2025-09-26T00:00:00Z,1396,1164,441,4215,132.8,43.4,57.78,807,1.2,3.02,6120,47,2120.61
2025-09-27T00:00:00Z,958,773,326,3198,158.4,41.49,58.4,509,1.24,3.34,4733,31,1553.85
2025-09-28T00:00:00Z,965,783,343,3246,158.1,40.46,59.57,551,1.23,3.36,4126,29,1298.4
2025-09-29T00:00:00Z,1384,1124,472,4862,144.6,45.52,54.15,865,1.23,3.51,6391,45,2144.59
2025-09-30T00:00:00Z,1283,1008,402,3973,151.9,44.37,56.17,731,1.27,3.1,5326,40,1895.23
2025-10-01T00:00:00Z,1369,1103,376,4403,143.6,44.44,55.66,801,1.24,3.22,7213,46,2026.15
2025-10-02T00:00:00Z,1449,1135,422,4614,175.5,40.51,59.6,824,1.28,3.18,6123,48,2394.59
2025-10-03T00:00:00Z,1375,1143,402,3907,146.2,47.45,52.37,805,1.2,2.84,6472,44,2171.81
2025-10-04T00:00:00Z,989,795,285,3516,161.0,49.88,49.92,558,1.24,3.56,4225,33,1622.51
2025-10-05T00:00:00Z,1003,807,303,3317,132.4,47.95,51.96,584,1.24,3.31,5189,32,1550.51
2025-10-06T00:00:00Z,1467,1218,432,5318,141.0,43.91,55.74,856,1.2,3.63,6280,48,2119.11
2025-10-07T00:00:00Z,1381,1154,492,4301,127.6,43.88,55.68,814,1.2,3.11,6267,44,2388.29
2025-10-08T00:00:00Z,1293,1103,466,4022,169.6,48.41,51.4,735,1.17,3.11,6389,43,2001.74
2025-10-09T00:00:00Z,1432,1165,490,4828,131.7,45.43,53.9,849,1.23,3.37,6282,44,1836.32
2025-10-10T00:00:00Z,1429,1152,515,4556,140.8,43.74,55.17,776,1.24,3.19,6995,47,1728.08
2025-10-11T00:00:00Z,1009,779,263,2887,152.2,45.43,55.74,566,1.3,2.86,4532,29,1250.03
2025-10-12T00:00:00Z,949,785,270,3345,173.3,46.35,54.25,520,1.21,3.52,3326,27,1126.87
2025-10-13T00:00:00Z,1361,1075,441,4154,171.5,43.46,56.03,738,1.27,3.05,6831,46,2124.51
2025-10-14T00:00:00Z,1418,1118,426,5280,159.3,43.25,57.68,806,1.27,3.72,6369,47,1920.82
2025-10-15T00:00:00Z,1384,1123,478,4324,120.7,44.11,55.23,772,1.23,3.12,7440,43,1989.18
2025-10-16T00:00:00Z,1426,1145,439,4949,141.9,40.05,60.25,866,1.25,3.47,6987,42,1626.9
2025-10-17T00:00:00Z,1479,1198,522,4883,180.7,44.55,56.01,865,1.23,3.3,6636,48,1991.22
2025-10-18T00:00:00Z,1053,877,333,3392,146.9,46.33,52.94,628,1.2,3.22,5017,35,1433.09
2025-10-19T00:00:00Z,1024,838,332,3399,163.2,42.02,57.22,569,1.22,3.32,4390,33,1643.76
2025-10-20T00:00:00Z,1531,1298,498,4534,145.6,41.7,58.15,910,1.18,2.96,6795,48,2086.72
2025-10-21T00:00:00Z,1353,1138,444,4940,174.1,49.57,50.19,774,1.19,3.65,6723,48,2360.54
2025-10-22T00:00:00Z,1423,1189,495,5112,141.9,45.13,53.99,848,1.2,3.59,5083,46,2423.96
2025-10-23T00:00:00Z,1429,1120,482,4899,126.8,43.69,56.43,840,1.28,3.43,5863,48,1788.05
2025-10-24T00:00:00Z,1438,1225,448,4372,173.1,41.94,57.74,795,1.17,3.04,6309,48,2480.32
2025-10-25T00:00:00Z,1054,851,364,3566,130.8,46.44,53.59,587,1.24,3.38,5277,34,1707.04
2025-10-26T00:00:00Z,1062,918,326,3683,125.3,48.27,52.08,624,1.16,3.47,4236,35,1607.25
2025-10-27T00:00:00Z,1485,1240,453,4666,160.8,42.44,57.35,878,1.2,3.14,7017,50,1916.15
2025-10-28T00:00:00Z,1515,1217,486,5101,122.5,45.15,54.65,881,1.24,3.37,5167,47,2054.93
2025-10-29T00:00:00Z,1450,1164,445,5293,142.9,41.86,59.32,846,1.25,3.65,7558,49,1984.73
2025-10-30T00:00:00Z,1487,1275,569,5065,124.0,47.22,52.92,794,1.17,3.41,6150,55,2418.05
2025-10-31T00:00:00Z,1543,1270,456,5193,134.8,44.68,54.4,908,1.21,3.37,7995,64,2547.46
2025-11-01T00:00:00Z,1076,868,362,3769,151.8,43.67,57.58,618,1.24,3.5,3843,45,2113.2
2025-11-02T00:00:00Z,985,786,316,3319,137.3,47.86,53.11,574,1.25,3.37,4128,40,1842.09
2025-11-03T00:00:00Z,1473,1168,478,5126,131.7,44.4,55.48,870,1.26,3.48,7819,58,3104.33
2025-11-04T00:00:00Z,1518,1314,483,4438,180.2,45.85,54.53,855,1.16,2.92,6607,65,2696.82
2025-11-05T00:00:00Z,1467,1232,495,4531,139.1,43.26,55.9,869,1.19,3.09,5971,58,2556.17
2025-11-06T00:00:00Z,1474,1187,412,4835,143.9,44.61,55.11,843,1.24,3.28,7045,68,3449.69
2025-11-07T00:00:00Z,1519,1268,540,4927,138.6,46.74,52.79,938,1.2,3.24,7783,68,2595.57
2025-11-08T00:00:00Z,1056,860,333,3081,128.6,47.17,51.85,625,1.23,2.92,4549,48,2211.21
2025-11-09T00:00:00Z,1055,872,357,3605,169.8,48.4,50.48,639,1.21,3.42,3906,44,1852.31
2025-11-10T00:00:00Z,1490,1256,473,5021,141.0,48.96,51.29,890,1.19,3.37,5355,62,2856.95
2025-11-11T00:00:00Z,1456,1203,465,4872,110.1,43.16,55.68,869,1.21,3.35,7267,54,2749.0
2025-11-12T00:00:00Z,1344,1071,398,4180,142.0,46.73,52.74,786,1.25,3.11,6309,59,2786.77
2025-11-13T00:00:00Z,1461,1220,456,4058,144.8,46.78,53.54,814,1.2,2.78,6012,54,2713.37
2025-11-14T00:00:00Z,1425,1191,416,4568,161.0,46.3,53.15,781,1.2,3.21,6416,49,1986.56
2025-11-15T00:00:00Z,1014,820,299,3362,149.4,42.32,58.4,557,1.24,3.32,4841,34,1559.6
2025-11-16T00:00:00Z,995,780,317,3053,160.3,44.88,54.81,570,1.28,3.07,3484,29,1249.64
2025-11-17T00:00:00Z,1465,1217,445,4922,158.3,41.51,58.88,840,1.2,3.36,6395,44,2007.78
2025-11-18T00:00:00Z,1511,1291,476,4735,145.0,46.6,53.3,913,1.17,3.13,6531,49,2349.44
2025-11-19T00:00:00Z,1420,1154,460,4501,166.3,46.42,52.93,845,1.23,3.17,6766,44,2130.8
2025-11-20T00:00:00Z,1463,1224,437,5296,127.7,46.1,54.26,830,1.2,3.62,6749,45,2052.83
2025-11-21T00:00:00Z,1453,1195,512,4372,174.5,43.5,55.34,803,1.22,3.01,6565,49,2424.0
2025-11-22T00:00:00Z,1055,867,370,3621,139.2,46.9,52.47,642,1.22,3.43,4727,31,1349.69
2025-11-23T00:00:00Z,1149,929,358,3206,139.9,49.06,51.3,645,1.24,2.79,5032,36,1711.72
2025-11-24T00:00:00Z,1375,1083,421,5057,169.3,41.19,59.95,832,1.27,3.68,6008,49,2583.31
2025-11-25T00:00:00Z,1537,1300,525,5139,141.0,43.2,56.44,870,1.18,3.34,7663,52,2552.21
2025-11-26T00:00:00Z,1474,1208,498,4747,139.5,41.73,57.83,830,1.22,3.22,5504,48,2301.24
2025-11-27T00:00:00Z,1418,1169,432,4706,151.3,47.56,53.0,769,1.21,3.32,6059,48,2303.07
2025-11-28T00:00:00Z,1563,1235,503,5002,123.2,45.98,55.06,957,1.27,3.2,7581,54,2561.98
2025-11-29T00:00:00Z,1108,937,402,3791,138.8,43.86,55.19,671,1.18,3.42,5284,24,907.51
2025-11-30T00:00:00Z,1192,973,385,3882,154.5,43.84,56.09,683,1.23,3.26,5011,26,1119.65
2025-12-01T00:00:00Z,1572,1282,474,4793,145.9,47.91,52.44,884,1.23,3.05,7933,35,1690.25
2025-12-02T00:00:00Z,1690,1451,655,5840,133.5,43.34,57.24,1067,1.16,3.46,6662,43,2052.84
2025-12-03T00:00:00Z,1639,1315,593,4784,124.9,46.46,53.02,941,1.25,2.92,7131,36,1687.29
2025-12-04T00:00:00Z,1528,1283,499,5167,160.8,44.58,55.32,891,1.19,3.38,5954,39,1761.8
2025-12-05T00:00:00Z,1601,1359,548,4807,145.2,42.64,56.45,938,1.18,3.0,8142,37,1613.35
2025-12-06T00:00:00Z,1141,999,407,3603,133.7,46.95,54.41,670,1.14,3.16,5632,30,1639.24
2025-12-07T00:00:00Z,1091,902,391,3434,128.5,46.66,53.4,656,1.21,3.15,4447,25,1214.75
2025-12-08T00:00:00Z,1556,1287,520,5781,128.1,42.34,57.02,934,1.21,3.72,8672,37,1791.29
2025-12-09T00:00:00Z,1579,1289,503,4675,151.9,44.47,55.93,871,1.22,2.96,8442,38,1714.79
2025-12-10T00:00:00Z,1517,1284,534,4573,170.9,45.55,54.74,880,1.18,3.01,6354,39,1957.33
2025-12-11T00:00:00Z,1462,1244,544,4528,170.1,46.09,54.85,785,1.18,3.1,7869,38,1875.83
2025-12-12T00:00:00Z,1624,1354,548,4390,178.0,41.53,59.63,904,1.2,2.7,7563,44,2376.54
2025-12-13T00:00:00Z,1097,863,379,3402,161.0,45.05,55.57,619,1.27,3.1,4755,35,1534.4
2025-12-14T00:00:00Z,1107,903,372,3252,156.2,43.58,55.73,598,1.23,2.94,4794,32,1411.35
2025-12-15T00:00:00Z,1456,1176,490,5047,153.9,42.97,56.63,863,1.24,3.47,6767,46,1888.8
2025-12-16T00:00:00Z,1449,1155,402,4678,178.2,41.05,59.48,831,1.25,3.23,5426,46,1869.77
2025-12-17T00:00:00Z,1464,1152,495,4755,143.2,41.33,58.98,900,1.27,3.25,6526,47,2110.03
2025-12-18T00:00:00Z,1514,1227,527,4741,167.2,45.51,54.01,859,1.23,3.13,6852,53,2499.36
2025-12-19T00:00:00Z,1449,1154,541,4152,122.3,45.31,54.55,858,1.26,2.87,6041,47,2505.87
2025-12-20T00:00:00Z,1100,903,296,3152,161.2,46.16,54.18,634,1.22,2.87,5441,35,1404.99
2025-12-21T00:00:00Z,1049,881,356,3496,150.7,43.66,55.44,600,1.19,3.33,5452,33,1301.48
2025-12-22T00:00:00Z,1553,1279,573,4692,143.3,42.07,57.26,877,1.21,3.02,7221,55,2271.87
2025-12-23T00:00:00Z,1377,1153,490,4661,182.3,44.77,55.63,763,1.19,3.38,6511,46,2033.17
2025-12-24T00:00:00Z,1547,1277,498,5238,178.7,43.63,56.74,951,1.21,3.39,6623,48,2212.59
2025-12-25T00:00:00Z,1529,1276,485,4726,142.6,45.23,54.82,810,1.2,3.09,6239,48,2297.26
2025-12-26T00:00:00Z,1406,1148,517,4137,158.5,43.11,57.22,789,1.22,2.94,5827,47,2258.0
2025-12-27T00:00:00Z,1077,931,359,3271,128.4,48.36,52.01,574,1.16,3.04,4481,33,1432.72
2025-12-28T00:00:00Z,1050,839,344,3027,168.7,44.67,55.08,577,1.25,2.88,4680,33,1584.02
2025-12-29T00:00:00Z,1607,1364,621,4896,168.5,43.96,56.5,968,1.18,3.05,6662,52,2352.34
2025-12-30T00:00:00Z,1425,1219,516,4370,146.4,47.73,52.46,816,1.17,3.07,5267,46,2265.6
2025-12-31T00:00:00Z,1521,1210,487,4647,184.7,48.97,50.22,836,1.26,3.06,6531,52,2163.82
2026-01-01T00:00:00Z,1491,1234,539,5292,158.2,44.03,56.67,900,1.21,3.55,6810,48,2063.68
2026-01-02T00:00:00Z,1524,1283,485,4256,121.7,44.31,55.24,885,1.19,2.79,7168,54,2786.04
2026-01-03T00:00:00Z,1008,798,355,3123,136.3,46.94,53.42,613,1.26,3.1,4153,32,1357.94
2026-01-04T00:00:00Z,1116,892,372,3628,151.9,46.79,53.3,660,1.25,3.25,5086,36,1658.66
2026-01-05T00:00:00Z,1561,1294,485,5657,119.4,41.41,58.62,893,1.21,3.62,7320,53,2416.62
2026-01-06T00:00:00Z,1583,1323,563,4920,158.1,45.64,53.04,908,1.2,3.11,6595,51,2222.79
2026-01-07T00:00:00Z,1513,1321,540,4777,114.6,46.84,53.67,896,1.15,3.16,7368,53,2682.41
2026-01-08T00:00:00Z,1484,1241,484,4409,155.7,43.03,57.45,787,1.2,2.97,8583,50,2501.58
2026-01-09T00:00:00Z,1572,1348,535,4409,157.5,43.51,55.94,846,1.17,2.8,7704,50,1867.41
2026-01-10T00:00:00Z,1161,1011,454,3561,159.2,46.37,53.63,661,1.15,3.07,4824,39,1744.82
2026-01-11T00:00:00Z,1206,961,357,4084,131.8,45.01,54.78,699,1.25,3.39,4241,40,1818.49
2026-01-12T00:00:00Z,1523,1248,489,5274,143.4,44.11,55.33,817,1.22,3.46,7138,51,2460.86
2026-01-13T00:00:00Z,1416,1153,497,4374,159.6,46.81,53.15,795,1.23,3.09,5557,44,1985.54
2026-01-14T00:00:00Z,1444,1212,518,4779,164.1,46.48,52.66,782,1.19,3.31,7454,47,2062.0
2026-01-15T00:00:00Z,1527,1258,495,4848,136.6,46.07,53.74,891,1.21,3.17,6229,48,2110.4
2026-01-16T00:00:00Z,1571,1285,517,5179,133.1,45.94,55.01,851,1.22,3.3,8048,51,2227.89
2026-01-17T00:00:00Z,1072,872,360,3269,135.9,42.84,57.15,578,1.23,3.05,5123,32,1477.29
2026-01-18T00:00:00Z,1103,902,342,3992,179.4,44.91,55.34,674,1.22,3.62,4873,35,1510.19
2026-01-19T00:00:00Z,1496,1222,543,5113,162.9,42.15,58.32,866,1.22,3.42,6947,44,1822.51
2026-01-20T00:00:00Z,1577,1295,558,4814,153.4,43.61,56.08,877,1.22,3.05,6620,54,2304.12
2026-01-21T00:00:00Z,1577,1299,559,5324,114.4,46.21,53.39,892,1.21,3.38,8485,48,1766.83
2026-01-22T00:00:00Z,1455,1157,401,4602,157.1,45.0,55.4,875,1.26,3.16,6327,48,2400.17
2026-01-23T00:00:00Z,1564,1279,485,4292,158.8,45.21,54.32,886,1.22,2.74,8416,50,2240.51
2026-01-24T00:00:00Z,1176,1006,359,4122,145.5,45.76,54.29,678,1.17,3.51,5593,41,1830.69
2026-01-25T00:00:00Z,1151,968,383,3882,153.0,46.89,54.52,705,1.19,3.37,5596,35,1528.9
2026-01-26T00:00:00Z,1437,1209,460,4488,173.3,44.27,56.64,807,1.19,3.12,7210,46,2118.99
2026-01-27T00:00:00Z,1603,1304,462,4586,167.5,44.17,56.72,894,1.23,2.86,8237,58,2328.2
2026-01-28T00:00:00Z,1502,1267,565,5403,141.4,43.6,55.24,843,1.19,3.6,7124,50,2290.05
2026-01-29T00:00:00Z,1710,1417,601,5990,140.9,43.64,57.29,936,1.21,3.5,7147,57,2960.91
2026-01-30T00:00:00Z,1573,1256,466,4591,171.0,43.22,56.12,947,1.25,2.92,6278,54,2769.28
2026-01-31T00:00:00Z,1061,868,334,3223,156.2,45.81,53.76,597,1.22,3.04,4574,35,1478.96
2026-02-01T00:00:00Z,1087,895,353,3668,171.5,45.12,54.17,649,1.21,3.37,5665,36,1613.09
2026-02-02T00:00:00Z,1571,1269,480,5212,128.6,47.49,52.28,946,1.24,3.32,7809,48,2088.2
2026-02-03T00:00:00Z,1688,1356,525,5359,121.8,47.42,52.51,964,1.24,3.17,7258,53,2377.68
2026-02-04T00:00:00Z,1651,1286,499,5096,148.1,43.46,55.6,895,1.28,3.09,7787,55,2148.57
2026-02-05T00:00:00Z,1487,1214,473,4810,160.1,45.52,54.63,800,1.22,3.23,8212,51,2301.22
2026-02-06T00:00:00Z,1703,1435,613,5703,137.3,43.72,56.33,981,1.19,3.35,7809,61,2770.72
2026-02-07T00:00:00Z,1059,855,369,3607,152.5,47.78,52.31,590,1.24,3.41,4739,39,1888.92
2026-02-08T00:00:00Z,1086,893,382,3478,139.6,48.34,51.31,637,1.22,3.2,4359,37,1632.33
2026-02-09T00:00:00Z,1677,1422,519,5234,117.7,46.03,53.75,962,1.18,3.12,7124,51,2257.94
2026-02-10T00:00:00Z,1610,1331,531,4896,146.4,47.24,53.13,955,1.21,3.04,8491,57,2428.22
2026-02-11T00:00:00Z,1622,1343,510,5273,152.0,49.4,50.13,927,1.21,3.25,6113,51,2552.16
2026-02-12T00:00:00Z,1569,1314,507,4819,128.8,49.24,51.18,909,1.19,3.07,6730,52,2444.87
2026-02-13T00:00:00Z,1725,1414,588,5112,139.0,45.15,54.88,949,1.22,2.96,7739,54,2220.87
2026-02-14T00:00:00Z,1121,935,338,3767,124.2,46.93,53.72,647,1.2,3.36,5011,34,1533.35
2026-02-15T00:00:00Z,1216,963,371,3814,116.2,43.9,55.61,722,1.26,3.14,5848,38,1798.63
2026-02-16T00:00:00Z,1513,1246,545,5156,136.8,48.84,50.8,804,1.21,3.41,7177,45,2366.5
2026-02-17T00:00:00Z,1545,1279,514,5109,156.0,48.67,50.86,907,1.21,3.31,7837,55,2292.71
2026-02-18T00:00:00Z,1505,1222,493,4338,132.9,50.4,49.67,868,1.23,2.88,7251,48,2396.33
2026-02-19T00:00:00Z,1572,1244,446,5208,150.0,45.61,55.29,955,1.26,3.31,5649,52,2519.15
2026-02-20T00:00:00Z,1544,1249,494,4968,131.7,51.71,48.02,945,1.24,3.22,8133,56,2764.86
2026-02-21T00:00:00Z,1114,927,316,3579,146.9,47.72,52.08,608,1.2,3.21,5308,36,1400.62
2026-02-22T00:00:00Z,1072,894,382,3781,143.5,49.91,49.45,593,1.2,3.53,4954,35,1528.57
2026-02-23T00:00:00Z,1589,1292,531,5741,136.8,49.54,50.55,961,1.23,3.61,6066,55,1857.61
2026-02-24T00:00:00Z,1525,1241,440,4664,157.8,47.34,52.25,838,1.23,3.06,6377,47,2356.72
2026-02-25T00:00:00Z,1630,1385,500,5049,139.0,54.72,44.63,1006,1.18,3.1,6858,57,2240.73
2026-02-26T00:00:00Z,1504,1273,531,5295,144.9,52.9,46.78,843,1.18,3.52,7721,50,1895.24
2026-02-27T00:00:00Z,1526,1230,556,4955,129.3,50.13,49.84,898,1.24,3.25,5312,54,2160.41
2026-02-28T00:00:00Z,1158,957,385,4039,134.5,51.05,49.31,694,1.21,3.49,4333,38,1946.34
2026-03-01T00:00:00Z,1236,1017,440,3975,133.6,51.46,48.45,710,1.22,3.22,5463,38,1858.9
2026-03-02T00:00:00Z,1653,1332,511,5738,138.1,52.32,46.58,888,1.24,3.47,7285,53,2214.81
2026-03-03T00:00:00Z,1574,1249,543,4682,160.7,53.78,45.98,946,1.26,2.97,7631,51,2689.49
2026-03-04T00:00:00Z,1677,1421,555,4874,135.4,46.28,54.21,1014,1.18,2.91,5847,57,1987.41
2026-03-05T00:00:00Z,1603,1369,558,4916,160.5,44.07,56.53,907,1.17,3.07,7306,52,2469.0
2026-03-06T00:00:00Z,1581,1281,575,4663,124.7,46.39,53.63,897,1.23,2.95,6642,51,1945.72
2026-03-07T00:00:00Z,1110,863,301,3570,126.7,45.33,55.79,611,1.29,3.22,4960,34,1590.11
2026-03-08T00:00:00Z,1121,859,340,3882,156.0,44.69,55.02,631,1.31,3.46,5292,35,1524.61
2026-03-09T00:00:00Z,1611,1310,540,5465,129.7,45.85,54.44,958,1.23,3.39,8596,58,2745.45
2026-03-10T00:00:00Z,1700,1453,631,5214,162.9,41.83,57.51,951,1.17,3.07,6691,55,2013.61
2026-03-11T00:00:00Z,1625,1315,500,4794,167.7,45.66,53.47,896,1.24,2.95,7542,50,2052.57
2026-03-12T00:00:00Z,1665,1410,572,4833,147.0,46.54,53.52,944,1.18,2.9,7180,59,2535.76
2026-03-13T00:00:00Z,1646,1364,547,4370,159.1,45.6,54.42,954,1.21,2.65,8124,54,2355.39
2026-03-14T00:00:00Z,1183,974,375,4240,132.7,48.79,51.59,635,1.21,3.58,5849,38,1578.47
2026-03-15T00:00:00Z,1027,829,310,3621,152.6,45.27,55.77,579,1.24,3.53,4653,32,1367.35
2026-03-16T00:00:00Z,1718,1414,539,5732,127.2,44.86,55.79,1046,1.21,3.34,8248,63,3240.5
2026-03-17T00:00:00Z,1577,1260,527,5321,126.5,45.59,53.63,878,1.25,3.37,7796,55,2262.29
2026-03-18T00:00:00Z,1602,1298,494,5360,141.0,46.32,53.79,928,1.23,3.35,6670,46,1725.89
2026-03-19T00:00:00Z,1689,1333,573,5575,149.0,44.2,55.99,931,1.27,3.3,8650,62,3056.12
2026-03-20T00:00:00Z,1625,1391,516,4973,141.0,45.45,54.7,962,1.17,3.06,7465,54,2662.9
2026-03-21T00:00:00Z,1197,984,413,3385,181.5,44.63,55.38,661,1.22,2.83,4649,41,1905.49
2026-03-22T00:00:00Z,1156,930,390,4117,142.1,44.0,55.83,638,1.24,3.56,5095,35,1614.27
2026-03-23T00:00:00Z,1659,1308,569,4768,143.5,45.79,54.82,897,1.27,2.87,7449,52,2141.41
2026-03-24T00:00:00Z,1649,1354,546,4918,158.0,44.64,55.75,909,1.22,2.98,8107,57,2937.43
2026-03-25T00:00:00Z,1632,1297,482,5229,162.6,43.71,56.68,888,1.26,3.2,8073,51,2276.18
2026-03-26T00:00:00Z,1763,1405,511,5530,158.9,42.8,57.55,974,1.25,3.14,7206,57,2461.6
2026-03-27T00:00:00Z,1662,1293,559,5133,121.6,46.15,53.56,993,1.29,3.09,7398,61,2892.88
2026-03-28T00:00:00Z,1238,1029,444,3614,134.9,44.29,54.46,700,1.2,2.92,4712,41,1820.35
2026-03-29T00:00:00Z,1161,983,422,3919,172.1,47.09,53.37,692,1.18,3.38,5674,40,1758.14
2026-03-30T00:00:00Z,1669,1343,503,5091,146.0,46.17,53.71,911,1.24,3.05,7279,53,2821.74
2026-03-31T00:00:00Z,1552,1279,515,4635,181.4,41.54,58.02,858,1.21,2.99,7373,54,2588.28
2026-04-01T00:00:00Z,1538,1249,512,5664,116.3,43.75,56.42,910,1.23,3.68,6882,52,2146.12
2026-04-02T00:00:00Z,1667,1418,581,6009,142.8,46.62,53.45,1003,1.18,3.6,7100,53,1892.82
2026-04-03T00:00:00Z,1631,1355,555,4589,138.9,47.3,52.47,975,1.2,2.81,6871,55,2429.55
2026-04-04T00:00:00Z,1211,1043,401,3472,134.7,45.62,54.89,699,1.16,2.87,5787,39,1698.64
2026-04-05T00:00:00Z,1136,912,413,3322,117.0,45.59,54.99,694,1.25,2.92,5084,43,2066.16
2026-04-06T00:00:00Z,1670,1439,632,4918,142.3,44.99,55.22,959,1.16,2.94,6376,60,3188.14
2026-04-07T00:00:00Z,1672,1389,556,5903,138.6,44.57,55.44,975,1.2,3.53,7433,55,2334.18
2026-04-08T00:00:00Z,2009,1629,660,6704,162.5,47.32,52.73,1251,1.23,3.34,9874,56,2459.71
2026-04-09T00:00:00Z,2139,1793,660,6697,142.6,44.52,54.62,1181,1.19,3.13,8997,52,2360.63
2026-04-10T00:00:00Z,2113,1795,809,7400,164.8,40.53,58.95,1173,1.18,3.5,9225,51,2023.45
2026-04-11T00:00:00Z,1497,1245,490,5184,164.6,46.94,53.65,823,1.2,3.46,5577,41,1642.0
2026-04-12T00:00:00Z,1442,1173,439,4548,158.9,46.94,53.42,784,1.23,3.15,6104,34,1710.99
2026-04-13T00:00:00Z,2112,1761,719,7120,130.0,42.85,57.2,1220,1.2,3.37,9436,53,2525.41
2026-04-14T00:00:00Z,2124,1678,700,6864,154.7,42.84,57.32,1217,1.27,3.23,8995,50,1935.92
2026-04-15T00:00:00Z,2098,1632,624,7332,154.2,45.04,55.0,1226,1.29,3.49,8811,51,2453.66
2026-04-16T00:00:00Z,2208,1802,673,7406,114.9,44.83,54.75,1337,1.23,3.35,9271,50,2303.59
2026-04-17T00:00:00Z,2200,1811,716,7252,121.0,42.29,58.24,1203,1.21,3.3,9247,54,2166.7
2026-04-18T00:00:00Z,1455,1222,482,4585,150.5,44.46,55.81,857,1.19,3.15,7232,38,1566.6
2026-04-19T00:00:00Z,1552,1255,506,4941,141.2,44.11,55.83,812,1.24,3.18,7043,42,1691.17
2026-04-20T00:00:00Z,2108,1751,713,7560,169.1,46.78,54.07,1327,1.2,3.59,10982,50,2644.31
2026-04-21T00:00:00Z,2143,1766,691,7248,158.1,48.34,51.54,1206,1.21,3.38,9349,53,2796.15
2026-04-22T00:00:00Z,1659,1389,534,5312,146.1,49.7,50.26,957,1.19,3.2,6817,51,2503.26
2026-04-23T00:00:00Z,1620,1348,562,5380,119.9,45.68,54.15,926,1.2,3.32,6476,53,2030.67
2026-04-24T00:00:00Z,1729,1459,549,5697,168.4,46.79,53.87,1034,1.19,3.29,7831,55,2359.61
2026-04-25T00:00:00Z,1264,1014,385,3903,117.4,42.51,57.85,751,1.25,3.09,6135,41,1625.88
2026-04-26T00:00:00Z,1150,980,396,4050,113.0,46.38,53.62,654,1.17,3.52,4393,39,1755.98
2026-04-27T00:00:00Z,1620,1324,505,5871,147.5,43.67,56.29,958,1.22,3.62,7303,49,2191.78
2026-04-28T00:00:00Z,1707,1417,548,5161,145.4,46.73,54.16,997,1.2,3.02,8602,56,2708.79
