date,new_vs_returning,total_users,new_users,sessions,engaged_sessions,engagement_rate,avg_session_duration,page_views,event_count,conversions,total_revenue
2025-04-29T00:00:00Z,new,464,464,528,340,64.39,133.0,1986,1623,20,799.31
2025-04-29T00:00:00Z,returning,591,0,665,405,60.9,183.7,2408,2527,25,831.07
2025-04-30T00:00:00Z,new,363,363,461,230,49.89,60.8,1663,2629,17,590.57
2025-04-30T00:00:00Z,returning,575,0,705,365,51.77,150.5,2310,3012,22,1217.9
2025-05-01T00:00:00Z,new,347,347,395,181,45.82,94.8,1084,2070,13,416.35
2025-05-01T00:00:00Z,returning,572,0,728,423,58.1,92.4,2303,3836,21,851.95
2025-05-02T00:00:00Z,new,351,351,419,247,58.95,64.4,1458,1762,13,474.73
2025-05-02T00:00:00Z,returning,674,0,767,353,46.02,140.5,1977,4178,29,1147.45
2025-05-03T00:00:00Z,new,228,228,284,132,46.48,119.8,936,896,10,517.8
2025-05-03T00:00:00Z,returning,438,0,508,272,53.54,90.9,1112,1849,14,669.35
2025-05-04T00:00:00Z,new,243,243,312,143,45.83,67.1,1050,1124,12,413.24
2025-05-04T00:00:00Z,returning,445,0,531,272,51.22,167.3,1919,1731,19,884.67
2025-05-05T00:00:00Z,new,447,447,528,317,60.04,109.2,1693,2813,21,815.33
2025-05-05T00:00:00Z,returning,566,0,730,428,58.63,102.4,1713,3315,24,1028.53
2025-05-06T00:00:00Z,new,393,393,499,260,52.1,110.2,1806,2012,16,648.52
2025-05-06T00:00:00Z,returning,576,0,677,386,57.02,149.2,2233,3124,28,1079.07
2025-05-07T00:00:00Z,new,440,440,535,275,51.4,101.2,1334,2254,15,780.9
2025-05-07T00:00:00Z,returning,558,0,692,354,51.16,153.4,2411,3308,24,1350.56
2025-05-08T00:00:00Z,new,419,419,495,233,47.07,108.7,1416,2396,14,605.46
2025-05-08T00:00:00Z,returning,614,0,779,355,45.57,88.4,2691,4153,22,988.48
2025-05-09T00:00:00Z,new,369,369,460,215,46.74,136.1,1786,2689,15,522.25
2025-05-09T00:00:00Z,returning,652,0,791,471,59.54,109.0,2484,2608,28,851.75
2025-05-10T00:00:00Z,new,277,277,322,174,54.04,130.8,1186,1009,10,511.31
2025-05-10T00:00:00Z,returning,473,0,594,353,59.43,170.9,1722,3221,19,1093.32
2025-05-11T00:00:00Z,new,313,313,359,198,55.15,81.3,770,1723,12,394.44
2025-05-11T00:00:00Z,returning,384,0,471,223,47.35,196.9,1805,1946,19,965.22
2025-05-12T00:00:00Z,new,447,447,556,328,58.99,62.5,1852,1914,20,1166.56
2025-05-12T00:00:00Z,returning,542,0,703,351,49.93,149.4,2337,2449,20,655.38
2025-05-13T00:00:00Z,new,411,411,506,290,57.31,68.2,1063,2136,16,783.99
2025-05-13T00:00:00Z,returning,499,0,637,329,51.65,137.5,1923,3141,20,761.55
2025-05-14T00:00:00Z,new,389,389,437,265,60.64,105.7,1107,2174,14,799.12
2025-05-14T00:00:00Z,returning,607,0,685,400,58.39,80.5,2615,2122,19,1020.59
2025-05-15T00:00:00Z,new,427,427,481,291,60.5,107.3,1086,1910,19,768.41
2025-05-15T00:00:00Z,returning,590,0,701,372,53.07,85.4,2596,2437,20,663.73
2025-05-16T00:00:00Z,new,375,375,434,216,49.77,84.5,975,2322,16,542.97
2025-05-16T00:00:00Z,returning,628,0,730,367,50.27,90.2,1567,3771,28,1188.92
2025-05-17T00:00:00Z,new,274,274,326,179,54.91,67.2,1024,1377,9,434.65
2025-05-17T00:00:00Z,returning,427,0,551,316,57.35,162.1,2150,1690,20,1073.93
2025-05-18T00:00:00Z,new,309,309,364,178,48.9,126.0,1160,1164,14,478.93
2025-05-18T00:00:00Z,returning,413,0,503,242,48.11,196.7,1988,2985,16,556.53
2025-05-19T00:00:00Z,new,387,387,450,288,64.0,87.7,959,2191,14,799.9
2025-05-19T00:00:00Z,returning,587,0,719,372,51.74,101.0,1874,3887,21,1184.75
2025-05-20T00:00:00Z,new,392,392,459,242,52.72,143.2,1518,1444,16,815.14
2025-05-20T00:00:00Z,returning,577,0,701,441,62.91,115.2,1630,2713,22,732.39
2025-05-21T00:00:00Z,new,432,432,501,312,62.28,76.6,1872,1749,15,491.95
2025-05-21T00:00:00Z,returning,549,0,623,322,51.69,85.0,1420,2827,21,805.05
2025-05-22T00:00:00Z,new,461,461,572,290,50.7,138.6,1357,3069,21,862.5
2025-05-22T00:00:00Z,returning,595,0,716,348,48.6,103.0,2671,3714,26,1146.47
2025-05-23T00:00:00Z,new,413,413,475,290,61.05,98.5,1005,1887,18,813.48
2025-05-23T00:00:00Z,returning,665,0,766,413,53.92,133.1,1989,2683,26,1043.55
2025-05-24T00:00:00Z,new,277,277,333,156,46.85,89.9,1218,1020,10,571.93
2025-05-24T00:00:00Z,returning,439,0,555,283,50.99,97.4,1248,1827,18,557.05
2025-05-25T00:00:00Z,new,282,282,317,205,64.67,101.6,955,1319,11,556.6
2025-05-25T00:00:00Z,returning,411,0,534,326,61.05,164.5,1543,2225,20,706.29
2025-05-26T00:00:00Z,new,462,462,532,290,54.51,131.9,1134,2629,18,686.64
2025-05-26T00:00:00Z,returning,578,0,678,371,54.72,92.5,1676,3021,21,1169.77
2025-05-27T00:00:00Z,new,405,405,499,287,57.52,93.3,1578,1506,20,922.94
2025-05-27T00:00:00Z,returning,539,0,705,409,58.01,112.0,2496,3428,24,1040.11
2025-05-28T00:00:00Z,new,449,449,500,236,47.2,75.0,1807,2946,17,513.21
2025-05-28T00:00:00Z,returning,524,0,665,331,49.77,86.5,2631,3640,25,969.85
2025-05-29T00:00:00Z,new,437,437,533,331,62.1,127.5,1204,2764,16,818.96
2025-05-29T00:00:00Z,returning,539,0,695,402,57.84,137.9,1537,2241,23,945.98
2025-05-30T00:00:00Z,new,387,387,508,282,55.51,99.6,1389,2959,19,1123.41
2025-05-30T00:00:00Z,returning,672,0,763,469,61.47,112.6,2864,3456,22,892.5
2025-05-31T00:00:00Z,new,233,233,301,150,49.83,87.2,643,1365,11,637.87
2025-05-31T00:00:00Z,returning,401,0,535,326,60.93,180.0,1285,2257,18,769.93
2025-06-01T00:00:00Z,new,318,318,365,234,64.11,141.3,743,2076,12,459.04
2025-06-01T00:00:00Z,returning,409,0,524,249,47.52,94.7,1347,2804,19,739.77
2025-06-02T00:00:00Z,new,416,416,547,344,62.89,86.3,1214,2207,22,1132.16
2025-06-02T00:00:00Z,returning,623,0,705,407,57.73,144.9,1478,4127,26,1230.12
2025-06-03T00:00:00Z,new,370,370,486,250,51.44,79.6,1419,2592,14,431.3
2025-06-03T00:00:00Z,returning,546,0,709,391,55.15,134.1,1419,3495,23,1100.45
2025-06-04T00:00:00Z,new,372,372,497,295,59.36,126.0,1403,2491,19,1045.32
2025-06-04T00:00:00Z,returning,625,0,752,360,47.87,153.7,2617,3862,24,967.03
2025-06-05T00:00:00Z,new,484,484,570,311,54.56,69.8,1759,3036,18,939.85
2025-06-05T00:00:00Z,returning,564,0,700,382,54.57,158.5,2364,2237,23,1351.34
2025-06-06T00:00:00Z,new,326,326,433,225,51.96,135.1,1165,1729,16,595.31
2025-06-06T00:00:00Z,returning,657,0,801,436,54.43,175.4,1631,2883,26,1316.26
2025-06-07T00:00:00Z,new,283,283,339,179,52.8,81.8,1160,1928,9,271.1
2025-06-07T00:00:00Z,returning,447,0,570,323,56.67,153.9,2257,3162,23,1140.9
2025-06-08T00:00:00Z,new,307,307,394,209,53.05,61.9,1289,1713,11,583.09
2025-06-08T00:00:00Z,returning,392,0,516,265,51.36,125.7,1659,2569,17,865.39
2025-06-09T00:00:00Z,new,411,411,488,309,63.32,86.0,1172,2288,15,784.84
2025-06-09T00:00:00Z,returning,570,0,702,377,53.7,159.5,1920,2262,20,894.36
2025-06-10T00:00:00Z,new,370,370,414,221,53.38,90.6,1248,2096,16,809.6
2025-06-10T00:00:00Z,returning,624,0,768,355,46.22,191.3,2340,3855,26,1514.58
2025-06-11T00:00:00Z,new,382,382,447,279,62.42,75.3,1697,2460,13,472.75
2025-06-11T00:00:00Z,returning,681,0,769,472,61.38,169.4,1680,3787,30,1236.7
2025-06-12T00:00:00Z,new,415,415,511,238,46.58,132.5,2023,2302,17,517.03
2025-06-12T00:00:00Z,returning,588,0,749,385,51.4,173.2,2536,3729,23,1210.76
2025-06-13T00:00:00Z,new,470,470,526,273,51.9,144.0,1155,2974,20,733.55
2025-06-13T00:00:00Z,returning,543,0,690,317,45.94,98.9,2233,3603,28,1380.99
2025-06-14T00:00:00Z,new,243,243,320,154,48.12,89.8,1163,1488,10,437.39
2025-06-14T00:00:00Z,returning,468,0,558,322,57.71,89.9,1664,2217,16,555.74
2025-06-15T00:00:00Z,new,286,286,380,223,58.68,91.0,1515,1675,14,735.88
2025-06-15T00:00:00Z,returning,462,0,541,288,53.23,91.5,2154,1930,16,773.14
2025-06-16T00:00:00Z,new,488,488,558,326,58.42,102.6,1707,2619,22,742.49
2025-06-16T00:00:00Z,returning,546,0,705,378,53.62,126.0,1947,2529,23,1321.6
2025-06-17T00:00:00Z,new,412,412,472,302,63.98,105.1,1053,1979,15,689.99
2025-06-17T00:00:00Z,returning,709,0,850,420,49.41,82.1,3158,3941,28,931.21
2025-06-18T00:00:00Z,new,340,340,445,248,55.73,72.3,935,1354,18,740.38
2025-06-18T00:00:00Z,returning,628,0,817,445,54.47,176.8,2273,4480,28,1421.93
2025-06-19T00:00:00Z,new,420,420,485,272,56.08,140.4,1536,2106,17,937.06
2025-06-19T00:00:00Z,returning,660,0,846,476,56.26,98.1,2317,4697,30,1237.93
2025-06-20T00:00:00Z,new,371,371,477,249,52.2,127.2,1450,2022,16,762.95
2025-06-20T00:00:00Z,returning,674,0,802,389,48.5,98.3,2101,3136,32,1362.57
2025-06-21T00:00:00Z,new,347,347,392,216,55.1,91.8,1052,1708,14,793.46
2025-06-21T00:00:00Z,returning,421,0,524,250,47.71,153.1,2058,2366,17,783.22
2025-06-22T00:00:00Z,new,279,279,328,184,56.1,113.0,1021,1326,11,380.94
2025-06-22T00:00:00Z,returning,450,0,584,318,54.45,104.7,1287,3372,19,624.82
2025-06-23T00:00:00Z,new,413,413,531,251,47.27,114.8,1417,2936,17,636.2
2025-06-23T00:00:00Z,returning,648,0,732,420,57.38,187.2,1998,3791,30,1572.7
2025-06-24T00:00:00Z,new,418,418,498,230,46.18,94.1,1061,2455,16,815.69
2025-06-24T00:00:00Z,returning,538,0,700,442,63.14,179.2,2769,2735,25,1339.63
2025-06-25T00:00:00Z,new,389,389,485,243,50.1,149.2,1205,2384,17,968.72
2025-06-25T00:00:00Z,returning,694,0,870,410,47.13,176.1,2687,5125,32,1101.23
2025-06-26T00:00:00Z,new,378,378,434,256,58.99,81.2,985,2138,14,499.67
2025-06-26T00:00:00Z,returning,650,0,767,435,56.71,158.7,3040,3081,30,1075.92
2025-06-27T00:00:00Z,new,396,396,517,266,51.45,124.2,1854,2309,21,1134.07
2025-06-27T00:00:00Z,returning,654,0,755,391,51.79,154.0,2948,3223,25,819.62
2025-06-28T00:00:00Z,new,293,293,349,165,47.28,87.5,846,1303,13,526.32
2025-06-28T00:00:00Z,returning,428,0,551,258,46.82,123.1,1777,2109,22,732.06
2025-06-29T00:00:00Z,new,321,321,362,210,58.01,132.6,944,1128,14,573.8
2025-06-29T00:00:00Z,returning,405,0,496,305,61.49,176.5,1817,1960,20,830.46
2025-06-30T00:00:00Z,new,453,453,530,339,63.96,89.0,1140,2752,20,1151.95
2025-06-30T00:00:00Z,returning,611,0,751,424,56.46,91.8,2859,3684,28,1004.69
2025-07-01T00:00:00Z,new,378,378,450,212,47.11,146.0,1589,1879,12,479.36
2025-07-01T00:00:00Z,returning,685,0,809,371,45.86,150.2,2957,4607,28,1176.42
2025-07-02T00:00:00Z,new,361,361,457,231,50.55,130.1,1653,2645,16,598.69
2025-07-02T00:00:00Z,returning,594,0,791,447,56.51,145.5,2104,4227,27,1166.65
2025-07-03T00:00:00Z,new,445,445,585,291,49.74,111.3,1210,2811,21,1107.04
2025-07-03T00:00:00Z,returning,543,0,718,379,52.79,135.7,1760,2453,22,1296.05
2025-07-04T00:00:00Z,new,417,417,477,247,51.78,125.7,1194,1689,18,783.82
2025-07-04T00:00:00Z,returning,638,0,715,354,49.51,169.3,2091,3778,24,887.06
2025-07-05T00:00:00Z,new,297,297,369,193,52.3,135.8,1305,1790,10,574.61
2025-07-05T00:00:00Z,returning,437,0,548,280,51.09,88.2,1230,2819,20,756.69
2025-07-06T00:00:00Z,new,294,294,332,157,47.29,111.6,1202,1090,13,778.65
2025-07-06T00:00:00Z,returning,488,0,595,369,62.02,178.0,1232,2114,22,1203.15
2025-07-07T00:00:00Z,new,432,432,491,259,52.75,93.7,1644,2210,18,829.09
2025-07-07T00:00:00Z,returning,607,0,761,432,56.77,80.8,1722,3559,27,1318.13
2025-07-08T00:00:00Z,new,492,492,559,274,49.02,75.2,1434,2578,19,671.8
2025-07-08T00:00:00Z,returning,599,0,727,460,63.27,196.2,1660,3177,24,1258.4
2025-07-09T00:00:00Z,new,404,404,478,304,63.6,84.3,989,2338,17,698.24
2025-07-09T00:00:00Z,returning,729,0,819,451,55.07,88.8,2531,3317,28,1235.55
2025-07-10T00:00:00Z,new,418,418,500,243,48.6,84.6,1613,2411,18,749.93
2025-07-10T00:00:00Z,returning,584,0,727,333,45.8,174.8,2091,3704,29,1232.36
2025-07-11T00:00:00Z,new,439,439,494,263,53.24,116.2,1402,2449,20,867.45
2025-07-11T00:00:00Z,returning,578,0,770,491,63.77,90.8,2322,4582,28,1636.15
2025-07-12T00:00:00Z,new,255,255,326,179,54.91,85.7,771,1783,12,700.59
2025-07-12T00:00:00Z,returning,457,0,605,337,55.7,172.3,1780,2944,24,1329.67
2025-07-13T00:00:00Z,new,360,360,406,193,47.54,65.6,1575,1842,16,513.98
2025-07-13T00:00:00Z,returning,440,0,500,254,50.8,169.3,1920,2461,16,495.99
2025-07-14T00:00:00Z,new,475,475,537,342,63.69,65.6,1656,3117,22,847.86
2025-07-14T00:00:00Z,returning,566,0,712,410,57.58,117.3,2401,3910,22,1121.76
2025-07-15T00:00:00Z,new,420,420,528,307,58.14,85.8,1117,2015,19,859.04
2025-07-15T00:00:00Z,returning,608,0,751,465,61.92,106.7,2137,4481,28,1105.59
2025-07-16T00:00:00Z,new,482,482,537,262,48.79,124.8,2011,2244,20,1063.89
2025-07-16T00:00:00Z,returning,642,0,730,364,49.86,167.8,2364,2541,29,1304.13
2025-07-17T00:00:00Z,new,398,398,477,229,48.01,97.8,1070,2353,18,980.96
2025-07-17T00:00:00Z,returning,680,0,797,433,54.33,94.9,2140,4402,27,1061.8
2025-07-18T00:00:00Z,new,368,368,446,275,61.66,98.3,1146,1411,12,651.06
2025-07-18T00:00:00Z,returning,641,0,793,473,59.65,183.8,2529,4573,32,1313.57
2025-07-19T00:00:00Z,new,347,347,399,194,48.62,140.6,863,1214,12,688.42
2025-07-19T00:00:00Z,returning,415,0,490,259,52.86,189.3,1391,1551,18,763.03
2025-07-20T00:00:00Z,new,305,305,391,234,59.85,143.9,1073,1505,16,938.98
2025-07-20T00:00:00Z,returning,413,0,507,244,48.13,107.3,1395,1692,21,1235.53
2025-07-21T00:00:00Z,new,377,377,470,286,60.85,84.1,1822,2534,19,578.23
2025-07-21T00:00:00Z,returning,663,0,853,399,46.78,175.2,3118,3797,32,1187.7
2025-07-22T00:00:00Z,new,386,386,483,221,45.76,128.7,1100,1907,17,882.07
2025-07-22T00:00:00Z,returning,687,0,886,440,49.66,111.3,3148,3541,34,1103.7
2025-07-23T00:00:00Z,new,440,440,497,297,59.76,111.1,1110,2775,14,836.33
2025-07-23T00:00:00Z,returning,699,0,847,381,44.98,140.2,2124,4283,33,1574.01
2025-07-24T00:00:00Z,new,467,467,604,344,56.95,94.3,1854,2598,19,575.46
2025-07-24T00:00:00Z,returning,616,0,749,419,55.94,86.9,2387,2339,28,860.02
2025-07-25T00:00:00Z,new,488,488,605,283,46.78,106.9,1645,2678,23,880.36
2025-07-25T00:00:00Z,returning,590,0,768,476,61.98,81.9,2877,3413,22,901.27
2025-07-26T00:00:00Z,new,318,318,372,232,62.37,109.0,947,1666,12,602.01
2025-07-26T00:00:00Z,returning,419,0,557,269,48.29,151.3,2034,2787,21,1022.55
2025-07-27T00:00:00Z,new,349,349,396,244,61.62,85.6,1547,2008,14,574.82
2025-07-27T00:00:00Z,returning,420,0,496,296,59.68,183.5,1248,2097,16,643.33
2025-07-28T00:00:00Z,new,387,387,465,248,53.33,117.4,1018,2008,13,508.37
2025-07-28T00:00:00Z,returning,663,0,827,474,57.32,174.3,1763,4955,26,1404.5
2025-07-29T00:00:00Z,new,446,446,500,285,57.0,65.7,1627,1772,17,945.44
2025-07-29T00:00:00Z,returning,670,0,774,402,51.94,148.5,3022,2368,29,1545.95
2025-07-30T00:00:00Z,new,488,488,586,285,48.63,61.0,1296,1797,19,789.33
2025-07-30T00:00:00Z,returning,577,0,765,392,51.24,175.8,2960,3974,23,970.82
2025-07-31T00:00:00Z,new,456,456,527,255,48.39,80.0,2027,2871,16,483.73
2025-07-31T00:00:00Z,returning,639,0,808,513,63.49,80.7,2156,2581,30,1132.1
2025-08-01T00:00:00Z,new,385,385,485,314,64.74,100.6,1884,1903,19,590.44
2025-08-01T00:00:00Z,returning,495,0,597,291,48.74,136.0,1618,2608,17,875.88
2025-08-02T00:00:00Z,new,227,227,280,167,59.64,95.3,1031,1279,9,503.81
2025-08-02T00:00:00Z,returning,365,0,466,228,48.93,152.9,1598,2087,15,853.94
2025-08-03T00:00:00Z,new,270,270,308,151,49.03,132.3,881,1221,8,479.16
2025-08-03T00:00:00Z,returning,345,0,444,287,64.64,187.7,1463,2642,17,754.17
2025-08-04T00:00:00Z,new,386,386,480,241,50.21,61.0,1570,2762,14,514.89
2025-08-04T00:00:00Z,returning,514,0,655,382,58.32,85.8,2297,3148,26,908.14
2025-08-05T00:00:00Z,new,356,356,404,193,47.77,90.7,810,1852,16,765.84
2025-08-05T00:00:00Z,returning,576,0,711,334,46.98,175.6,2567,4233,20,827.44
2025-08-06T00:00:00Z,new,384,384,445,231,51.91,112.1,1454,1628,15,849.48
2025-08-06T00:00:00Z,returning,577,0,666,313,47.0,174.6,1927,3826,22,943.22
2025-08-07T00:00:00Z,new,329,329,418,196,46.89,110.5,1584,1592,16,904.42
2025-08-07T00:00:00Z,returning,553,0,617,324,52.51,130.6,1433,2903,23,940.09
2025-08-08T00:00:00Z,new,401,401,469,277,59.06,145.0,1408,2223,17,528.55
2025-08-08T00:00:00Z,returning,541,0,602,373,61.96,180.3,1259,1951,18,705.22
2025-08-09T00:00:00Z,new,219,219,287,135,47.04,112.4,936,1068,10,367.86
2025-08-09T00:00:00Z,returning,397,0,474,281,59.28,124.5,1297,2497,13,758.67
2025-08-10T00:00:00Z,new,239,239,299,162,54.18,126.4,705,1768,9,407.35
2025-08-10T00:00:00Z,returning,389,0,434,265,61.06,108.7,1384,1744,16,821.75
2025-08-11T00:00:00Z,new,384,384,454,218,48.02,76.8,1221,2176,15,523.35
2025-08-11T00:00:00Z,returning,597,0,668,312,46.71,136.5,2348,3035,26,890.72
2025-08-12T00:00:00Z,new,413,413,473,235,49.68,150.0,1540,1538,19,877.7
2025-08-12T00:00:00Z,returning,554,0,622,331,53.22,182.1,1514,2376,23,794.32
2025-08-13T00:00:00Z,new,364,364,418,205,49.04,91.7,1224,1619,15,845.52
2025-08-13T00:00:00Z,returning,558,0,678,393,57.96,153.2,1382,2471,20,1123.72
2025-08-14T00:00:00Z,new,315,315,413,190,46.0,128.3,1067,1794,13,494.96
2025-08-14T00:00:00Z,returning,605,0,678,306,45.13,114.2,1443,2291,21,1153.91
2025-08-15T00:00:00Z,new,364,364,482,301,62.45,103.4,1640,2371,16,619.0
2025-08-15T00:00:00Z,returning,582,0,768,384,50.0,84.9,1917,3349,24,972.95
2025-08-16T00:00:00Z,new,313,313,405,244,60.25,71.1,1392,1594,13,600.15
2025-08-16T00:00:00Z,returning,419,0,533,329,61.73,123.0,1194,2778,16,691.79
2025-08-17T00:00:00Z,new,319,319,381,191,50.13,76.2,1195,2106,12,651.75
2025-08-17T00:00:00Z,returning,498,0,634,320,50.47,176.6,1642,2911,20,605.4
2025-08-18T00:00:00Z,new,494,494,565,270,47.79,125.6,1403,1894,22,1146.5
2025-08-18T00:00:00Z,returning,656,0,765,411,53.73,173.9,1811,4129,31,1656.0
2025-08-19T00:00:00Z,new,485,485,592,277,46.79,107.6,1327,1921,17,891.44
2025-08-19T00:00:00Z,returning,583,0,751,356,47.4,177.1,2019,2821,23,787.85
2025-08-20T00:00:00Z,new,479,479,621,293,47.18,141.5,2214,2252,23,1276.4
2025-08-20T00:00:00Z,returning,632,0,766,396,51.7,115.5,2472,4474,25,1156.92
2025-08-21T00:00:00Z,new,473,473,576,321,55.73,86.6,1552,2582,20,1152.45
2025-08-21T00:00:00Z,returning,636,0,815,385,47.24,157.6,2303,2703,31,969.5
2025-08-22T00:00:00Z,new,468,468,537,326,60.71,115.7,1137,2378,17,518.43
2025-08-22T00:00:00Z,returning,647,0,802,485,60.47,193.7,2002,2888,26,1484.42
2025-08-23T00:00:00Z,new,277,277,348,223,64.08,88.4,824,1047,12,429.72
2025-08-23T00:00:00Z,returning,448,0,588,338,57.48,174.4,1666,1911,18,1057.09
2025-08-24T00:00:00Z,new,299,299,385,226,58.7,100.1,863,1318,12,500.37
2025-08-24T00:00:00Z,returning,468,0,564,264,46.81,162.1,1507,2940,16,568.79
2025-08-25T00:00:00Z,new,476,476,572,261,45.63,96.3,1914,2119,19,716.17
2025-08-25T00:00:00Z,returning,615,0,808,398,49.26,105.9,2561,4745,23,1158.88
2025-08-26T00:00:00Z,new,384,384,490,303,61.84,112.6,1422,2568,16,508.26
2025-08-26T00:00:00Z,returning,668,0,888,509,57.32,166.5,2643,2839,27,1021.88
2025-08-27T00:00:00Z,new,426,426,487,281,57.7,118.9,1621,1980,20,742.81
2025-08-27T00:00:00Z,returning,704,0,869,547,62.95,194.6,2705,4850,24,1095.83
2025-08-28T00:00:00Z,new,425,425,489,313,64.01,95.0,1171,2410,16,819.96
2025-08-28T00:00:00Z,returning,635,0,828,442,53.38,103.8,3041,2657,24,840.43
2025-08-29T00:00:00Z,new,437,437,578,270,46.71,96.1,1220,2945,18,686.76
2025-08-29T00:00:00Z,returning,628,0,831,453,54.51,163.2,2750,4891,27,923.59
2025-08-30T00:00:00Z,new,365,365,424,217,51.18,64.0,1106,2295,14,817.83
2025-08-30T00:00:00Z,returning,473,0,619,331,53.47,182.3,2167,3098,21,1045.6
2025-08-31T00:00:00Z,new,380,380,447,218,48.77,104.4,1646,2609,15,724.41
2025-08-31T00:00:00Z,returning,508,0,595,305,51.26,171.5,1540,2201,24,1136.92
2025-09-01T00:00:00Z,new,395,395,526,263,50.0,121.8,1541,1778,15,655.05
2025-09-01T00:00:00Z,returning,671,0,819,394,48.11,125.1,2111,2892,32,1426.87
2025-09-02T00:00:00Z,new,477,477,573,284,49.56,63.1,1538,1740,22,1083.74
2025-09-02T00:00:00Z,returning,663,0,809,518,64.03,142.6,2847,4162,33,1557.22
2025-09-03T00:00:00Z,new,531,531,617,400,64.83,108.2,1924,3318,18,860.56
2025-09-03T00:00:00Z,returning,677,0,765,391,51.11,157.9,1716,3183,24,1021.95
2025-09-04T00:00:00Z,new,389,389,471,236,50.11,84.7,1809,1848,13,634.04
2025-09-04T00:00:00Z,returning,757,0,873,437,50.06,195.2,2159,4764,26,907.46
2025-09-05T00:00:00Z,new,465,465,602,347,57.64,119.4,2224,3355,22,712.5
2025-09-05T00:00:00Z,returning,571,0,756,403,53.31,114.2,2662,4309,31,1847.35
2025-09-06T00:00:00Z,new,340,340,403,204,50.62,94.3,1435,1814,12,627.31
2025-09-06T00:00:00Z,returning,490,0,566,343,60.6,183.9,1834,2358,20,889.11
2025-09-07T00:00:00Z,new,326,326,435,217,49.89,114.0,1669,1369,13,635.19
2025-09-07T00:00:00Z,returning,513,0,591,286,48.39,192.9,2058,2523,22,1291.18
2025-09-08T00:00:00Z,new,434,434,505,249,49.31,142.3,1330,2654,17,823.82
2025-09-08T00:00:00Z,returning,663,0,840,528,62.86,189.8,2329,2619,25,893.93
2025-09-09T00:00:00Z,new,480,480,598,321,53.68,131.0,2297,2874,17,942.42
2025-09-09T00:00:00Z,returning,654,0,763,419,54.91,84.2,2249,3297,30,983.23
2025-09-10T00:00:00Z,new,496,496,581,290,49.91,145.6,1418,1985,23,999.57
2025-09-10T00:00:00Z,returning,714,0,800,469,58.63,182.6,1721,3752,32,1414.43
2025-09-11T00:00:00Z,new,464,464,583,286,49.06,83.7,1663,1842,22,1019.88
2025-09-11T00:00:00Z,returning,644,0,748,420,56.15,100.0,2418,3631,23,902.37
2025-09-12T00:00:00Z,new,452,452,583,378,64.84,61.6,2073,3375,20,758.6
2025-09-12T00:00:00Z,returning,750,0,836,527,63.04,170.0,2004,2906,33,1942.16
2025-09-13T00:00:00Z,new,350,350,390,227,58.21,64.6,980,1612,12,485.94
2025-09-13T00:00:00Z,returning,491,0,576,357,61.98,170.1,1990,2040,22,870.35
2025-09-14T00:00:00Z,new,322,322,392,249,63.52,115.7,990,1609,11,622.69
2025-09-14T00:00:00Z,returning,558,0,621,379,61.03,186.2,2276,2534,20,615.56
2025-09-15T00:00:00Z,new,428,428,510,309,60.59,109.6,1454,1804,16,550.11
2025-09-15T00:00:00Z,returning,691,0,827,489,59.13,131.7,3133,4220,24,1438.76
2025-09-16T00:00:00Z,new,499,499,568,276,48.59,103.6,1219,1800,22,1258.57
2025-09-16T00:00:00Z,returning,745,0,893,555,62.15,111.1,2499,3710,35,1525.0
2025-09-17T00:00:00Z,new,399,399,494,280,56.68,140.7,1143,2129,16,569.17
2025-09-17T00:00:00Z,returning,786,0,892,543,60.87,80.7,2079,3421,32,1311.72
2025-09-18T00:00:00Z,new,452,452,547,275,50.27,104.3,1612,3148,22,1129.81
2025-09-18T00:00:00Z,returning,621,0,783,403,51.47,99.8,2947,4495,29,1603.3
2025-09-19T00:00:00Z,new,430,430,527,300,56.93,73.0,1493,2905,15,737.55
2025-09-19T00:00:00Z,returning,721,0,902,432,47.89,194.8,2894,3675,32,1601.38
2025-09-20T00:00:00Z,new,356,356,411,199,48.42,124.7,1327,2059,12,411.29
2025-09-20T00:00:00Z,returning,386,0,513,257,50.1,136.6,1291,2560,17,663.19
2025-09-21T00:00:00Z,new,377,377,458,268,58.52,71.2,1402,2542,16,608.03
2025-09-21T00:00:00Z,returning,456,0,586,352,60.07,97.8,2007,2404,20,607.81
2025-09-22T00:00:00Z,new,528,528,623,337,54.09,79.5,1687,2702,23,765.92
2025-09-22T00:00:00Z,returning,642,0,810,511,63.09,183.3,2357,3960,23,773.1
2025-09-23T00:00:00Z,new,423,423,512,328,64.06,122.2,2010,1765,16,841.04
2025-09-23T00:00:00Z,returning,715,0,918,505,55.01,153.8,2504,4243,31,1853.77
2025-09-24T00:00:00Z,new,381,381,507,239,47.14,119.7,1388,2782,15,877.92
2025-09-24T00:00:00Z,returning,748,0,860,485,56.4,108.6,2964,3007,28,1336.38
2025-09-25T00:00:00Z,new,391,391,503,253,50.3,149.8,1234,2504,20,800.24
2025-09-25T00:00:00Z,returning,663,0,836,413,49.4,147.5,2342,4359,24,852.45
2025-09-26T00:00:00Z,new,488,488,621,374,60.23,139.5,1308,3550,24,896.42
2025-09-26T00:00:00Z,returning,672,0,848,472,55.66,157.1,2364,4011,29,1075.24
2025-09-27T00:00:00Z,new,304,304,342,196,57.31,98.0,928,1681,10,365.05
2025-09-27T00:00:00Z,returning,550,0,633,378,59.72,97.9,1862,3626,17,903.2
2025-09-28T00:00:00Z,new,313,313,405,260,64.2,99.0,1180,2082,14,490.32
2025-09-28T00:00:00Z,returning,552,0,651,390,59.91,164.6,2088,2334,21,904.22
2025-09-29T00:00:00Z,new,497,497,567,292,51.5,88.4,1385,2627,22,1125.69
2025-09-29T00:00:00Z,returning,625,0,735,436,59.32,89.9,2026,3894,28,1403.11
2025-09-30T00:00:00Z,new,411,411,539,334,61.97,138.5,1111,2048,19,680.67
2025-09-30T00:00:00Z,returning,755,0,849,397,46.76,124.7,2655,4145,23,1155.64
2025-10-01T00:00:00Z,new,423,423,527,271,51.42,97.5,1663,1873,16,532.01
2025-10-01T00:00:00Z,returning,657,0,829,501,60.43,144.0,2877,3669,33,1674.68
2025-10-02T00:00:00Z,new,404,404,523,303,57.93,71.5,1170,2246,21,1195.22
2025-10-02T00:00:00Z,returning,652,0,841,473,56.24,100.6,1811,4931,33,1479.89
2025-10-03T00:00:00Z,new,451,451,505,323,63.96,82.8,1875,2810,18,889.92
2025-10-03T00:00:00Z,returning,685,0,905,482,53.26,171.8,3566,2801,37,2020.73
2025-10-04T00:00:00Z,new,301,301,356,161,45.22,102.5,1011,1724,13,596.32
2025-10-04T00:00:00Z,returning,542,0,638,307,48.12,196.2,1439,2922,20,683.27
2025-10-05T00:00:00Z,new,340,340,383,197,51.44,123.4,828,1234,11,550.47
2025-10-05T00:00:00Z,returning,491,0,638,358,56.11,152.8,2105,2431,21,702.48
2025-10-06T00:00:00Z,new,440,440,582,322,55.33,104.3,1290,3313,18,563.32
2025-10-06T00:00:00Z,returning,732,0,851,413,48.53,164.0,2781,3022,25,982.7
2025-10-07T00:00:00Z,new,394,394,518,316,61.0,136.0,1559,2823,20,1087.45
2025-10-07T00:00:00Z,returning,735,0,898,502,55.9,158.6,2081,4141,29,1007.7
2025-10-08T00:00:00Z,new,476,476,618,355,57.44,67.5,2205,2749,21,1225.33
2025-10-08T00:00:00Z,returning,643,0,797,424,53.2,115.1,2466,2944,27,1538.13
2025-10-09T00:00:00Z,new,490,490,556,275,49.46,143.2,2207,2652,19,636.29
2025-10-09T00:00:00Z,returning,767,0,978,521,53.27,127.1,3805,4631,35,1436.37
2025-10-10T00:00:00Z,new,466,466,556,358,64.39,113.1,1233,3026,19,857.28
2025-10-10T00:00:00Z,returning,689,0,887,575,64.83,175.5,3373,3479,32,1738.51
2025-10-11T00:00:00Z,new,354,354,414,223,53.86,107.1,1373,1995,11,543.29
2025-10-11T00:00:00Z,returning,516,0,611,307,50.25,151.9,2186,2025,23,1367.13
2025-10-12T00:00:00Z,new,294,294,392,191,48.72,118.5,888,1946,12,516.64
2025-10-12T00:00:00Z,returning,525,0,640,313,48.91,111.5,1651,1963,21,803.11
2025-10-13T00:00:00Z,new,469,469,566,261,46.11,76.8,1186,1816,22,1212.96
2025-10-13T00:00:00Z,returning,678,0,861,526,61.09,99.2,2604,4672,27,1515.33
2025-10-14T00:00:00Z,new,476,476,602,361,59.97,116.5,1274,3052,25,951.42
2025-10-14T00:00:00Z,returning,597,0,766,416,54.31,161.8,1617,3732,24,875.94
2025-10-15T00:00:00Z,new,450,450,545,265,48.62,130.3,1416,2884,21,824.58
2025-10-15T00:00:00Z,returning,608,0,805,406,50.43,109.7,1689,4381,30,1244.81
2025-10-16T00:00:00Z,new,454,454,521,301,57.77,136.1,1765,2976,15,888.91
2025-10-16T00:00:00Z,returning,691,0,907,481,53.03,184.1,3342,2836,33,1707.61
2025-10-17T00:00:00Z,new,473,473,581,268,46.13,137.0,1966,2738,22,1077.95
2025-10-17T00:00:00Z,returning,605,0,788,427,54.19,194.6,2205,2761,24,1381.7
2025-10-18T00:00:00Z,new,361,361,477,243,50.94,103.1,1202,2541,18,714.52
2025-10-18T00:00:00Z,returning,536,0,605,302,49.92,150.5,1925,3470,24,1086.28
2025-10-19T00:00:00Z,new,311,311,371,200,53.91,137.4,1415,1619,13,459.99
2025-10-19T00:00:00Z,returning,541,0,687,374,54.44,127.6,1870,2981,23,985.48
2025-10-20T00:00:00Z,new,507,507,611,346,56.63,121.2,2021,3258,23,898.02
2025-10-20T00:00:00Z,returning,665,0,782,456,58.31,115.5,2313,3879,24,1084.52
2025-10-21T00:00:00Z,new,531,531,624,358,57.37,117.7,1711,3123,22,767.58
2025-10-21T00:00:00Z,returning,635,0,786,412,52.42,167.5,2036,3245,25,1389.85
2025-10-22T00:00:00Z,new,466,466,557,342,61.4,88.4,1594,3236,16,741.36
2025-10-22T00:00:00Z,returning,723,0,861,494,57.38,149.5,3023,2974,31,1472.26
2025-10-23T00:00:00Z,new,458,458,555,252,45.41,103.8,2215,3112,20,901.06
2025-10-23T00:00:00Z,returning,696,0,878,504,57.4,90.0,2144,4184,26,1001.55
2025-10-24T00:00:00Z,new,445,445,559,256,45.8,78.2,1182,1681,21,815.36
2025-10-24T00:00:00Z,returning,572,0,715,343,47.97,124.5,2313,3212,28,1534.27
2025-10-25T00:00:00Z,new,373,373,438,249,56.85,64.4,961,1525,15,772.91
2025-10-25T00:00:00Z,returning,542,0,606,341,56.27,176.7,2344,3462,19,848.59
2025-10-26T00:00:00Z,new,350,350,413,241,58.35,81.2,1414,1935,12,505.82
2025-10-26T00:00:00Z,returning,507,0,587,271,46.17,184.0,2090,1898,24,929.2
2025-10-27T00:00:00Z,new,419,419,522,284,54.41,94.6,1382,2691,15,555.56
2025-10-27T00:00:00Z,returning,636,0,821,476,57.98,157.6,2922,4890,24,1240.07
2025-10-28T00:00:00Z,new,465,465,550,280,50.91,127.2,1290,1728,16,575.98
2025-10-28T00:00:00Z,returning,704,0,883,426,48.24,173.9,3498,3067,26,1034.78
2025-10-29T00:00:00Z,new,493,493,579,326,56.3,122.3,2188,2713,20,705.7
2025-10-29T00:00:00Z,returning,697,0,797,382,47.93,139.1,2869,3081,29,1068.51
2025-10-30T00:00:00Z,new,427,427,498,317,63.65,68.2,1749,2023,20,711.22
2025-10-30T00:00:00Z,returning,574,0,708,449,63.42,128.5,2546,3690,27,823.1
2025-10-31T00:00:00Z,new,433,433,531,317,59.7,93.9,1806,2770,16,744.21
2025-10-31T00:00:00Z,returning,606,0,717,349,48.68,145.8,2300,2720,26,1397.38
2025-11-01T00:00:00Z,new,364,364,435,214,49.2,108.4,1099,2144,13,400.88
2025-11-01T00:00:00Z,returning,403,0,533,333,62.48,199.4,1908,2481,18,809.08
2025-11-02T00:00:00Z,new,277,277,338,195,57.69,144.1,902,1867,13,565.84
2025-11-02T00:00:00Z,returning,496,0,575,309,53.74,149.3,1986,3190,21,895.95
2025-11-03T00:00:00Z,new,380,380,492,249,50.61,126.3,1850,2426,20,815.86
2025-11-03T00:00:00Z,returning,705,0,870,470,54.02,193.3,3076,3188,34,1231.52
2025-11-04T00:00:00Z,new,368,368,462,227,49.13,147.9,1462,2228,13,468.04
2025-11-04T00:00:00Z,returning,658,0,848,473,55.78,144.9,1867,3441,26,1133.07
2025-11-05T00:00:00Z,new,491,491,564,296,52.48,131.7,1332,2649,22,988.34
2025-11-05T00:00:00Z,returning,579,0,764,492,64.4,183.4,2349,2964,30,1529.96
2025-11-06T00:00:00Z,new,438,438,547,311,56.86,94.6,1963,2428,17,872.07
2025-11-06T00:00:00Z,returning,656,0,797,454,56.96,108.0,2140,2746,28,1158.27
2025-11-07T00:00:00Z,new,491,491,615,382,62.11,64.1,2436,2203,25,1343.14
2025-11-07T00:00:00Z,returning,601,0,771,458,59.4,177.0,2281,2909,29,1679.33
2025-11-08T00:00:00Z,new,300,300,386,177,45.85,96.9,1167,2106,12,363.63
2025-11-08T00:00:00Z,returning,422,0,493,242,49.09,135.6,1032,2569,18,858.12
2025-11-09T00:00:00Z,new,274,274,323,181,56.04,65.2,734,1120,12,708.08
2025-11-09T00:00:00Z,returning,526,0,594,291,48.99,104.0,2120,1884,19,623.88
2025-11-10T00:00:00Z,new,452,452,535,321,60.0,75.2,2026,2422,21,977.83
2025-11-10T00:00:00Z,returning,589,0,779,435,55.84,118.5,2497,3259,31,1027.12
2025-11-11T00:00:00Z,new,502,502,576,334,57.99,106.3,1179,1959,23,1043.75
2025-11-11T00:00:00Z,returning,667,0,797,485,60.85,104.2,2913,4475,26,1354.77
2025-11-12T00:00:00Z,new,455,455,524,336,64.12,74.8,1945,1921,16,576.17
2025-11-12T00:00:00Z,returning,650,0,803,472,58.78,110.2,2502,4332,28,1668.33
2025-11-13T00:00:00Z,new,494,494,560,290,51.79,104.6,2153,3255,18,755.64
2025-11-13T00:00:00Z,returning,631,0,804,459,57.09,149.6,1685,3287,26,1271.52
2025-11-14T00:00:00Z,new,430,430,554,292,52.71,90.9,1739,2059,19,1036.68
2025-11-14T00:00:00Z,returning,659,0,867,427,49.25,191.9,2399,2939,31,1712.59
2025-11-15T00:00:00Z,new,333,333,431,256,59.4,131.0,1045,1477,15,647.77
2025-11-15T00:00:00Z,returning,529,0,594,329,55.39,126.8,1583,3458,21,1071.63
2025-11-16T00:00:00Z,new,333,333,400,182,45.5,71.4,1574,2191,13,743.34
2025-11-16T00:00:00Z,returning,489,0,648,343,52.93,125.6,1513,2150,24,1121.18
2025-11-17T00:00:00Z,new,583,583,679,339,49.93,136.8,1755,3836,27,947.7
2025-11-17T00:00:00Z,returning,724,0,846,409,48.35,102.1,2522,4396,29,1228.92
2025-11-18T00:00:00Z,new,388,388,507,293,57.79,64.4,1022,2094,20,873.38
2025-11-18T00:00:00Z,returning,740,0,909,431,47.41,156.9,2824,4143,35,1442.61
2025-11-19T00:00:00Z,new,444,444,558,296,53.05,80.3,1511,2628,22,689.54
2025-11-19T00:00:00Z,returning,821,0,969,582,60.06,187.0,3182,5229,36,1794.04
2025-11-20T00:00:00Z,new,489,489,638,287,44.98,70.4,1970,3446,25,1065.03
2025-11-20T00:00:00Z,returning,680,0,804,473,58.83,117.5,1840,2499,27,1070.73
2025-11-21T00:00:00Z,new,470,470,580,285,49.14,103.5,1316,3115,17,666.08
2025-11-21T00:00:00Z,returning,738,0,884,487,55.09,166.0,2339,4252,33,1642.33
2025-11-22T00:00:00Z,new,286,286,370,212,57.3,134.7,904,1795,12,535.11
2025-11-22T00:00:00Z,returning,461,0,590,314,53.22,174.4,1325,3072,16,941.57
2025-11-23T00:00:00Z,new,346,346,437,262,59.95,149.5,1198,1740,16,564.58
2025-11-23T00:00:00Z,returning,565,0,642,293,45.64,163.5,2245,2765,20,1112.97
2025-11-24T00:00:00Z,new,505,505,638,397,62.23,96.2,1300,3599,26,1004.55
2025-11-24T00:00:00Z,returning,660,0,873,516,59.11,127.6,3161,2676,32,1585.28
2025-11-25T00:00:00Z,new,485,485,587,329,56.05,97.9,1899,2556,24,1181.04
2025-11-25T00:00:00Z,returning,756,0,851,484,56.87,94.4,3351,4919,30,1140.47
2025-11-26T00:00:00Z,new,473,473,536,291,54.29,104.2,1820,3174,16,517.93
2025-11-26T00:00:00Z,returning,814,0,915,487,53.22,118.5,3622,3867,37,1300.66
2025-11-27T00:00:00Z,new,530,530,647,407,62.91,72.7,2353,2798,23,1348.36
2025-11-27T00:00:00Z,returning,742,0,861,548,63.65,81.7,2558,4005,35,1232.66
2025-11-28T00:00:00Z,new,610,610,682,405,59.38,105.0,1727,3719,25,917.12
2025-11-28T00:00:00Z,returning,700,0,837,448,53.52,161.3,2611,3154,25,1313.91
2025-11-29T00:00:00Z,new,373,373,455,271,59.56,88.1,1627,2684,14,649.69
2025-11-29T00:00:00Z,returning,559,0,644,299,46.43,95.9,1751,2412,17,572.1
2025-11-30T00:00:00Z,new,311,311,391,193,49.36,77.3,1357,1543,12,680.51
2025-11-30T00:00:00Z,returning,571,0,681,332,48.75,112.0,1768,2932,22,921.02
2025-12-01T00:00:00Z,new,507,507,596,361,60.57,106.7,1692,3166,14,793.03
2025-12-01T00:00:00Z,returning,725,0,914,585,64.0,132.7,3289,4570,30,1099.19
2025-12-02T00:00:00Z,new,437,437,574,279,48.61,105.6,1451,2908,16,540.09
2025-12-02T00:00:00Z,returning,857,0,978,459,46.93,158.4,3639,5261,25,1307.06
2025-12-03T00:00:00Z,new,463,463,571,294,51.49,93.2,1490,2554,17,1001.9
2025-12-03T00:00:00Z,returning,729,0,930,432,46.45,121.5,2964,3908,21,1193.31
2025-12-04T00:00:00Z,new,415,415,516,323,62.6,124.7,1257,2120,17,944.22
2025-12-04T00:00:00Z,returning,682,0,865,466,53.87,194.4,2165,2889,25,1226.96
2025-12-05T00:00:00Z,new,458,458,512,290,56.64,73.1,1048,2746,12,488.79
2025-12-05T00:00:00Z,returning,706,0,938,577,61.51,91.7,1916,3704,26,1327.92
2025-12-06T00:00:00Z,new,424,424,495,293,59.19,62.0,1368,2723,15,761.81
2025-12-06T00:00:00Z,returning,471,0,612,299,48.86,184.7,2101,3053,17,780.01
2025-12-07T00:00:00Z,new,340,340,430,270,62.79,136.4,1112,2421,12,701.4
2025-12-07T00:00:00Z,returning,541,0,624,286,45.83,83.8,1373,1986,19,664.71
2025-12-08T00:00:00Z,new,502,502,629,358,56.92,117.2,1957,1895,19,690.26
2025-12-08T00:00:00Z,returning,759,0,862,505,58.58,101.9,3382,4765,20,828.7
2025-12-09T00:00:00Z,new,543,543,626,342,54.63,132.7,2155,2794,17,582.77
2025-12-09T00:00:00Z,returning,853,0,1003,507,50.55,159.1,3381,3338,32,1437.99
2025-12-10T00:00:00Z,new,530,530,591,312,52.79,134.5,1644,2365,16,500.93
2025-12-10T00:00:00Z,returning,844,0,1044,540,51.72,113.8,3956,6003,24,1285.94
2025-12-11T00:00:00Z,new,486,486,558,356,63.8,96.3,1632,2056,17,979.21
2025-12-11T00:00:00Z,returning,740,0,913,494,54.11,120.7,2173,4859,28,1221.17
2025-12-12T00:00:00Z,new,536,536,636,411,64.62,112.8,1383,2895,15,801.33
2025-12-12T00:00:00Z,returning,725,0,860,528,61.4,138.4,2658,3795,28,975.56
2025-12-13T00:00:00Z,new,361,361,417,210,50.36,102.9,1608,1866,17,745.67
2025-12-13T00:00:00Z,returning,598,0,671,379,56.48,132.8,2592,2451,23,883.07
2025-12-14T00:00:00Z,new,347,347,398,184,46.23,134.7,1575,2365,16,841.18
2025-12-14T00:00:00Z,returning,518,0,666,360,54.05,137.1,2355,2620,27,1000.36
2025-12-15T00:00:00Z,new,556,556,667,387,58.02,69.2,1622,3648,20,885.16
2025-12-15T00:00:00Z,returning,673,0,826,417,50.48,92.9,2274,4692,23,908.38
2025-12-16T00:00:00Z,new,464,464,588,275,46.77,130.3,1636,2255,23,1334.15
2025-12-16T00:00:00Z,returning,718,0,914,463,50.66,154.8,3114,3343,35,1261.21
2025-12-17T00:00:00Z,new,500,500,631,329,52.14,64.9,1547,3321,22,1068.54
2025-12-17T00:00:00Z,returning,708,0,930,540,58.06,198.2,3662,2998,36,1739.17
2025-12-18T00:00:00Z,new,579,579,649,361,55.62,139.0,2129,3296,20,954.24
2025-12-18T00:00:00Z,returning,644,0,853,553,64.83,135.5,2728,4372,25,1192.55
2025-12-19T00:00:00Z,new,441,441,544,339,62.32,139.4,1706,2663,17,734.1
2025-12-19T00:00:00Z,returning,795,0,924,573,62.01,137.2,1850,4162,29,1228.69
2025-12-20T00:00:00Z,new,377,377,441,253,57.37,60.2,894,2046,17,798.43
2025-12-20T00:00:00Z,returning,641,0,750,408,54.4,179.9,1858,2443,25,1126.62
2025-12-21T00:00:00Z,new,325,325,430,275,63.95,89.4,1448,1980,14,752.43
2025-12-21T00:00:00Z,returning,681,0,759,403,53.1,98.0,1530,3706,30,1233.57
2025-12-22T00:00:00Z,new,451,451,572,270,47.2,64.8,1847,1911,16,623.3
2025-12-22T00:00:00Z,returning,781,0,960,557,58.02,130.3,3828,4504,30,1712.44
2025-12-23T00:00:00Z,new,450,450,556,308,55.4,147.1,1942,2782,21,1050.1
2025-12-23T00:00:00Z,returning,692,0,904,524,57.96,140.2,1815,4803,32,1439.07
2025-12-24T00:00:00Z,new,449,449,598,373,62.37,62.6,1831,2280,19,857.13
2025-12-24T00:00:00Z,returning,707,0,892,535,59.98,112.7,1856,3043,27,1103.44
2025-12-25T00:00:00Z,new,545,545,628,406,64.65,110.6,1541,2952,23,1221.25
2025-12-25T00:00:00Z,returning,738,0,898,525,58.46,99.7,1885,3055,34,1079.85
2025-12-26T00:00:00Z,new,604,604,681,423,62.11,62.9,2176,2727,22,1187.37
2025-12-26T00:00:00Z,returning,788,0,908,579,63.77,199.4,2982,4649,31,1261.95
2025-12-27T00:00:00Z,new,333,333,391,246,62.92,79.5,1013,2023,15,805.05
2025-12-27T00:00:00Z,returning,628,0,705,339,48.09,102.9,1886,4221,26,1351.62
2025-12-28T00:00:00Z,new,305,305,390,206,52.82,73.9,1507,1312,15,614.84
2025-12-28T00:00:00Z,returning,572,0,641,301,46.96,180.8,2039,3830,25,1039.77
2025-12-29T00:00:00Z,new,478,478,608,292,48.03,107.6,1847,3152,19,1047.55
2025-12-29T00:00:00Z,returning,733,0,840,503,59.88,99.1,2512,4347,29,964.75
2025-12-30T00:00:00Z,new,489,489,551,269,48.82,70.6,1691,2305,22,1255.99
2025-12-30T00:00:00Z,returning,778,0,976,544,55.74,90.4,3658,5405,35,1732.73
2025-12-31T00:00:00Z,new,527,527,650,417,64.15,147.3,2566,3125,24,1266.26
2025-12-31T00:00:00Z,returning,774,0,926,430,46.44,122.5,2610,4321,29,1278.38
2026-01-01T00:00:00Z,new,463,463,593,343,57.84,65.0,2254,2721,22,950.81
2026-01-01T00:00:00Z,returning,707,0,862,426,49.42,100.0,3196,5167,24,1162.31
2026-01-02T00:00:00Z,new,491,491,576,281,48.78,140.1,1755,3386,23,1147.45
2026-01-02T00:00:00Z,returning,766,0,927,487,52.54,83.5,2469,4101,38,1516.99
2026-01-03T00:00:00Z,new,325,325,419,248,59.19,70.3,1573,2347,14,702.93
2026-01-03T00:00:00Z,returning,639,0,748,390,52.14,150.5,1844,2453,29,1358.9
2026-01-04T00:00:00Z,new,393,393,445,232,52.13,145.8,1353,1484,12,615.87
2026-01-04T00:00:00Z,returning,526,0,662,405,61.18,156.6,2429,3735,24,741.08
2026-01-05T00:00:00Z,new,530,530,638,296,46.39,79.5,1508,3003,25,1297.74
2026-01-05T00:00:00Z,returning,737,0,955,503,52.67,166.1,3735,4814,35,1750.33
2026-01-06T00:00:00Z,new,524,524,642,391,60.9,112.8,1631,2006,24,1005.74
2026-01-06T00:00:00Z,returning,734,0,818,513,62.71,189.4,2644,3515,32,1062.5
2026-01-07T00:00:00Z,new,529,529,616,324,52.6,118.3,1436,2573,23,1343.44
2026-01-07T00:00:00Z,returning,697,0,882,500,56.69,116.4,3155,4876,30,1110.4
2026-01-08T00:00:00Z,new,493,493,576,260,45.14,76.1,1859,2228,20,622.26
2026-01-08T00:00:00Z,returning,762,0,991,601,60.65,183.7,2279,3232,34,2032.42
2026-01-09T00:00:00Z,new,555,555,683,346,50.66,104.5,2201,2461,20,637.13
2026-01-09T00:00:00Z,returning,782,0,952,466,48.95,173.3,2094,4808,31,1388.14
2026-01-10T00:00:00Z,new,367,367,462,228,49.35,95.7,1062,1733,19,1110.08
2026-01-10T00:00:00Z,returning,534,0,661,367,55.52,109.3,2160,3003,24,922.57
2026-01-11T00:00:00Z,new,351,351,448,246,54.91,68.2,1390,1664,17,705.94
2026-01-11T00:00:00Z,returning,518,0,581,283,48.71,184.0,1325,3166,19,1005.35
2026-01-12T00:00:00Z,new,541,541,625,346,55.36,144.7,2389,2634,18,680.83
2026-01-12T00:00:00Z,returning,700,0,880,446,50.68,99.7,2447,4227,30,983.61
2026-01-13T00:00:00Z,new,423,423,542,351,64.76,61.7,1803,2086,15,750.75
2026-01-13T00:00:00Z,returning,834,0,973,555,57.04,153.7,3566,4024,31,1293.82
2026-01-14T00:00:00Z,new,537,537,629,375,59.62,125.3,1819,3372,21,1236.48
2026-01-14T00:00:00Z,returning,736,0,879,421,47.9,179.1,2888,4055,28,843.96
2026-01-15T00:00:00Z,new,485,485,646,304,47.06,141.0,1376,2664,19,698.86
2026-01-15T00:00:00Z,returning,700,0,830,487,58.67,82.6,2641,2878,34,1939.57
2026-01-16T00:00:00Z,new,482,482,633,328,51.82,95.2,2036,3407,18,1052.34
2026-01-16T00:00:00Z,returning,752,0,905,469,51.82,114.3,3244,4665,25,906.6
2026-01-17T00:00:00Z,new,384,384,464,246,53.02,61.4,1484,1403,16,596.07
2026-01-17T00:00:00Z,returning,576,0,642,296,46.11,190.9,2074,1940,21,827.48
2026-01-18T00:00:00Z,new,382,382,452,239,52.88,81.2,1510,1973,13,666.91
2026-01-18T00:00:00Z,returning,439,0,583,274,47.0,156.0,1344,2748,21,1003.85
2026-01-19T00:00:00Z,new,445,445,576,339,58.85,115.7,1749,2382,20,967.6
2026-01-19T00:00:00Z,returning,826,0,943,512,54.29,102.6,3549,5070,35,1860.33
2026-01-20T00:00:00Z,new,495,495,564,264,46.81,65.6,1530,1856,22,972.65
2026-01-20T00:00:00Z,returning,785,0,1043,577,55.32,89.5,2533,4539,35,1264.86
2026-01-21T00:00:00Z,new,516,516,674,406,60.24,93.8,2111,2554,26,868.8
2026-01-21T00:00:00Z,returning,645,0,843,442,52.43,134.1,2188,3571,24,963.77
2026-01-22T00:00:00Z,new,483,483,601,328,54.58,107.1,1863,2329,22,1129.25
2026-01-22T00:00:00Z,returning,793,0,893,526,58.9,120.5,2433,4761,36,2059.45
2026-01-23T00:00:00Z,new,570,570,686,331,48.25,101.6,1586,2179,21,779.09
2026-01-23T00:00:00Z,returning,770,0,925,510,55.14,125.1,2075,4986,33,1608.72
2026-01-24T00:00:00Z,new,414,414,468,225,48.08,69.8,1194,2139,13,694.93
2026-01-24T00:00:00Z,returning,555,0,644,326,50.62,157.9,2457,3073,20,639.43
2026-01-25T00:00:00Z,new,425,425,484,242,50.0,117.0,1105,1657,19,821.34
2026-01-25T00:00:00Z,returning,509,0,626,314,50.16,122.0,2464,3697,20,1164.64
2026-01-26T00:00:00Z,new,523,523,628,374,59.55,83.4,2331,2122,22,1047.7
2026-01-26T00:00:00Z,returning,758,0,936,482,51.5,129.9,2735,5332,32,1261.51
2026-01-27T00:00:00Z,new,581,581,663,354,53.39,83.1,1962,3672,22,1016.67
2026-01-27T00:00:00Z,returning,692,0,858,540,62.94,165.4,2268,4847,25,1397.67
2026-01-28T00:00:00Z,new,464,464,576,330,57.29,94.9,1283,2233,22,877.85
2026-01-28T00:00:00Z,returning,630,0,829,408,49.22,125.1,2936,4473,23,824.23
2026-01-29T00:00:00Z,new,377,377,503,260,51.69,114.9,1871,2759,15,455.35
2026-01-29T00:00:00Z,returning,680,0,787,396,50.32,158.2,2688,3942,25,910.81
2026-01-30T00:00:00Z,new,453,453,582,316,54.3,63.4,1705,1839,20,932.04
2026-01-30T00:00:00Z,returning,595,0,718,448,62.4,120.2,2730,3558,21,1203.03
2026-01-31T00:00:00Z,new,322,322,427,241,56.44,134.1,870,2015,14,737.24
2026-01-31T00:00:00Z,returning,441,0,540,258,47.78,147.6,1232,3165,17,978.12
2026-02-01T00:00:00Z,new,319,319,370,220,59.46,124.1,1062,1228,13,716.49
2026-02-01T00:00:00Z,returning,574,0,642,343,53.43,116.9,1699,3050,23,783.96
2026-02-02T00:00:00Z,new,451,451,512,300,58.59,77.4,1575,1817,15,787.5
2026-02-02T00:00:00Z,returning,754,0,859,446,51.92,135.9,2335,5004,27,1255.55
2026-02-03T00:00:00Z,new,495,495,565,349,61.77,127.4,2108,2031,22,690.26
2026-02-03T00:00:00Z,returning,738,0,865,543,62.77,179.3,3144,3715,24,1345.46
2026-02-04T00:00:00Z,new,422,422,544,273,50.18,100.9,1233,3165,22,990.67
2026-02-04T00:00:00Z,returning,638,0,738,387,52.44,154.7,2405,3627,24,1284.57
2026-02-05T00:00:00Z,new,507,507,585,371,63.42,94.7,1340,2776,23,787.4
2026-02-05T00:00:00Z,returning,644,0,770,358,46.49,182.5,2792,4456,29,1255.0
2026-02-06T00:00:00Z,new,448,448,570,318,55.79,103.6,1483,2950,18,673.34
2026-02-06T00:00:00Z,returning,669,0,773,460,59.51,166.1,2107,2870,27,1302.98
2026-02-07T00:00:00Z,new,311,311,360,210,58.33,149.9,901,1634,12,430.67
2026-02-07T00:00:00Z,returning,547,0,625,284,45.44,180.3,1321,3359,22,699.27
2026-02-08T00:00:00Z,new,371,371,425,274,64.47,82.7,1531,1736,13,637.55
2026-02-08T00:00:00Z,returning,423,0,523,277,52.96,152.6,2048,2981,17,894.94
2026-02-09T00:00:00Z,new,519,519,600,355,59.17,79.0,2033,2484,18,842.34
2026-02-09T00:00:00Z,returning,700,0,813,457,56.21,199.2,2216,3079,28,1666.2
2026-02-10T00:00:00Z,new,414,414,494,253,51.21,134.8,1374,1545,14,668.61
2026-02-10T00:00:00Z,returning,686,0,765,428,55.95,144.9,2847,3841,31,1141.54
2026-02-11T00:00:00Z,new,519,519,606,283,46.7,123.2,2118,2403,22,716.48
2026-02-11T00:00:00Z,returning,793,0,964,591,61.31,118.1,2058,4635,37,1137.48
2026-02-12T00:00:00Z,new,479,479,551,303,54.99,112.6,1557,2451,19,657.08
2026-02-12T00:00:00Z,returning,763,0,941,526,55.9,133.1,3134,3139,37,2087.09
2026-02-13T00:00:00Z,new,514,514,620,402,64.84,103.4,2297,3564,23,799.87
2026-02-13T00:00:00Z,returning,785,0,874,398,45.54,88.0,2847,3783,31,1174.73
2026-02-14T00:00:00Z,new,357,357,463,250,54.0,110.6,1544,1988,16,595.77
2026-02-14T00:00:00Z,returning,609,0,696,379,54.45,158.7,1666,3402,25,1032.28
2026-02-15T00:00:00Z,new,380,380,472,258,54.66,146.8,1324,1621,18,720.71
2026-02-15T00:00:00Z,returning,558,0,660,326,49.39,154.5,1876,3808,24,1412.41
2026-02-16T00:00:00Z,new,576,576,670,325,48.51,83.7,1393,2655,27,1490.2
2026-02-16T00:00:00Z,returning,777,0,989,528,53.39,132.6,3000,4436,30,1261.87
2026-02-17T00:00:00Z,new,481,481,630,307,48.73,111.2,1711,3556,26,1283.18
2026-02-17T00:00:00Z,returning,773,0,929,591,63.62,155.2,3294,4962,27,1618.79
2026-02-18T00:00:00Z,new,576,576,718,412,57.38,73.3,2630,2963,26,882.02
2026-02-18T00:00:00Z,returning,761,0,899,532,59.18,91.5,1921,3516,31,1186.47
2026-02-19T00:00:00Z,new,452,452,593,344,58.01,69.5,1762,2492,23,701.55
2026-02-19T00:00:00Z,returning,844,0,998,465,46.59,197.1,3380,4196,34,1637.98
2026-02-20T00:00:00Z,new,498,498,630,370,58.73,61.0,1609,2079,21,1055.14
2026-02-20T00:00:00Z,returning,635,0,795,479,60.25,141.8,2556,3556,27,1238.08
2026-02-21T00:00:00Z,new,362,362,453,205,45.25,134.2,987,2382,16,928.39
2026-02-21T00:00:00Z,returning,535,0,614,391,63.68,98.8,1634,1891,23,1327.05
2026-02-22T00:00:00Z,new,355,355,396,200,50.51,147.0,1021,2214,12,378.32
2026-02-22T00:00:00Z,returning,641,0,729,369,50.62,113.2,1640,2606,24,1367.91
2026-02-23T00:00:00Z,new,611,611,686,405,59.04,75.5,1768,3419,25,1041.95
2026-02-23T00:00:00Z,returning,776,0,966,439,45.45,167.9,2616,3533,32,1838.33
2026-02-24T00:00:00Z,new,571,571,658,362,55.02,84.3,2331,2778,18,870.18
2026-02-24T00:00:00Z,returning,812,0,919,418,45.48,187.6,2360,4406,34,1405.26
2026-02-25T00:00:00Z,new,567,567,641,401,62.56,140.4,2195,3074,24,1265.71
2026-02-25T00:00:00Z,returning,902,0,1048,542,51.72,181.7,2962,5715,33,1297.95
2026-02-26T00:00:00Z,new,423,423,553,277,50.09,149.8,1451,2087,18,593.43
2026-02-26T00:00:00Z,returning,874,0,1010,473,46.83,166.9,2831,5128,39,1675.05
2026-02-27T00:00:00Z,new,463,463,610,324,53.11,102.7,1802,3621,16,581.94
2026-02-27T00:00:00Z,returning,830,0,1005,462,45.97,130.2,3218,5169,28,1373.21
2026-02-28T00:00:00Z,new,381,381,439,270,61.5,77.2,1388,2369,9,270.6
2026-02-28T00:00:00Z,returning,637,0,748,419,56.02,152.8,2833,4478,17,581.58
2026-03-01T00:00:00Z,new,407,407,473,235,49.68,108.7,1333,2500,9,344.37
2026-03-01T00:00:00Z,returning,599,0,671,394,58.72,102.0,1556,3198,19,813.47
2026-03-02T00:00:00Z,new,556,556,649,353,54.39,117.1,1713,2578,12,688.17
2026-03-02T00:00:00Z,returning,766,0,961,556,57.86,169.3,2232,4855,26,1361.05
2026-03-03T00:00:00Z,new,502,502,581,358,61.62,85.9,1782,1903,14,590.37
2026-03-03T00:00:00Z,returning,836,0,951,439,46.16,132.9,3425,4682,25,829.09
2026-03-04T00:00:00Z,new,563,563,710,453,63.8,77.0,2748,2848,15,760.18
2026-03-04T00:00:00Z,returning,735,0,893,499,55.88,169.2,2874,4584,25,1295.18
2026-03-05T00:00:00Z,new,567,567,640,400,62.5,139.9,1885,3265,13,752.36
2026-03-05T00:00:00Z,returning,830,0,962,528,54.89,116.9,2821,3738,23,869.76
2026-03-06T00:00:00Z,new,539,539,632,382,60.44,131.5,2190,3254,12,603.77
2026-03-06T00:00:00Z,returning,771,0,1008,509,50.5,123.2,3289,3054,24,879.73
2026-03-07T00:00:00Z,new,377,377,447,251,56.15,81.6,1767,1436,9,316.86
2026-03-07T00:00:00Z,returning,569,0,721,465,64.49,155.4,2714,2846,18,990.83
2026-03-08T00:00:00Z,new,457,457,521,291,55.85,98.6,1125,1980,11,549.62
2026-03-08T00:00:00Z,returning,589,0,674,384,56.97,109.3,1451,3237,15,511.35
2026-03-09T00:00:00Z,new,472,472,597,286,47.91,135.5,1217,3519,13,768.08
2026-03-09T00:00:00Z,returning,939,0,1045,513,49.09,145.7,3775,4900,22,955.16
2026-03-10T00:00:00Z,new,514,514,637,411,64.52,65.4,2271,3551,12,661.07
2026-03-10T00:00:00Z,returning,836,0,1042,530,50.86,132.8,3298,5727,27,911.95
2026-03-11T00:00:00Z,new,522,522,677,404,59.68,88.9,2032,3512,14,817.8
2026-03-11T00:00:00Z,returning,674,0,897,406,45.26,193.2,3165,5285,18,900.84
2026-03-12T00:00:00Z,new,418,418,551,265,48.09,136.4,1587,1783,13,478.56
2026-03-12T00:00:00Z,returning,790,0,1010,545,53.96,153.7,3305,5472,28,1541.75
2026-03-13T00:00:00Z,new,480,480,581,332,57.14,134.4,1525,1978,17,809.05
2026-03-13T00:00:00Z,returning,873,0,1028,489,47.57,90.1,4095,5317,39,1931.69
2026-03-14T00:00:00Z,new,370,370,461,212,45.99,80.1,1341,2376,13,570.51
2026-03-14T00:00:00Z,returning,505,0,631,298,47.23,133.2,1689,2297,24,1429.93
2026-03-15T00:00:00Z,new,320,320,415,260,62.65,83.7,1431,1293,14,711.29
2026-03-15T00:00:00Z,returning,593,0,733,440,60.03,93.3,1509,3396,29,1502.9
2026-03-16T00:00:00Z,new,413,413,544,330,60.66,117.6,1622,1801,19,663.81
2026-03-16T00:00:00Z,returning,821,0,995,612,61.51,182.1,2962,3690,39,1296.29
2026-03-17T00:00:00Z,new,488,488,616,379,61.53,104.3,2145,3079,19,647.54
2026-03-17T00:00:00Z,returning,897,0,1060,512,48.3,133.2,2316,5187,37,1160.51
2026-03-18T00:00:00Z,new,508,508,580,325,56.03,105.2,1186,2272,20,1137.53
2026-03-18T00:00:00Z,returning,731,0,882,423,47.96,196.0,2489,4527,30,1515.92
2026-03-19T00:00:00Z,new,491,491,562,293,52.14,88.2,1551,1744,22,792.15
2026-03-19T00:00:00Z,returning,833,0,1006,517,51.39,175.6,2559,3096,28,1115.66
2026-03-20T00:00:00Z,new,501,501,656,388,59.15,96.7,2200,3520,23,733.67
2026-03-20T00:00:00Z,returning,868,0,974,608,62.42,167.6,3444,4436,33,1248.52
2026-03-21T00:00:00Z,new,319,319,403,199,49.38,91.7,1420,1387,15,689.29
2026-03-21T00:00:00Z,returning,551,0,699,341,48.78,146.5,1925,3629,22,849.69
2026-03-22T00:00:00Z,new,468,468,541,295,54.53,67.6,1867,2309,21,785.43
2026-03-22T00:00:00Z,returning,586,0,667,301,45.13,161.0,1488,3295,23,1044.81
2026-03-23T00:00:00Z,new,449,449,575,296,51.48,144.1,1499,3372,20,1083.03
2026-03-23T00:00:00Z,returning,764,0,873,539,61.74,120.9,2169,3381,31,1232.42
2026-03-24T00:00:00Z,new,582,582,658,298,45.29,145.1,2366,3543,20,1048.39
2026-03-24T00:00:00Z,returning,838,0,1011,611,60.44,124.4,3074,4148,38,1533.95
2026-03-25T00:00:00Z,new,562,562,649,366,56.39,127.6,2549,2757,21,787.16
2026-03-25T00:00:00Z,returning,881,0,1051,676,64.32,100.3,3874,5090,36,1380.21
2026-03-26T00:00:00Z,new,495,495,617,383,62.07,65.1,1931,2725,18,983.06
2026-03-26T00:00:00Z,returning,822,0,1033,469,45.4,143.3,3558,5796,42,2186.59
2026-03-27T00:00:00Z,new,503,503,592,371,62.67,85.2,1838,2837,17,732.53
2026-03-27T00:00:00Z,returning,910,0,1071,644,60.13,175.7,2887,4815,37,1650.12
2026-03-28T00:00:00Z,new,356,356,453,281,62.03,113.8,1082,1629,16,815.5
2026-03-28T00:00:00Z,returning,635,0,713,322,45.16,109.4,2768,2342,23,916.19
2026-03-29T00:00:00Z,new,340,340,438,243,55.48,147.9,1210,1504,17,571.07
2026-03-29T00:00:00Z,returning,627,0,735,428,58.23,150.9,2536,2384,28,1165.63
2026-03-30T00:00:00Z,new,539,539,643,333,51.79,70.9,1961,1939,21,889.9
2026-03-30T00:00:00Z,returning,865,0,1080,697,64.54,169.8,4283,6162,33,1428.24
2026-03-31T00:00:00Z,new,547,547,641,407,63.49,77.9,2462,3395,24,860.99
2026-03-31T00:00:00Z,returning,949,0,1155,556,48.14,164.8,2443,4120,43,2274.7
2026-04-01T00:00:00Z,new,546,546,632,374,59.18,125.2,1517,3304,24,987.25
2026-04-01T00:00:00Z,returning,860,0,1013,618,61.01,169.5,3975,4237,30,1157.49
2026-04-02T00:00:00Z,new,450,450,589,323,54.84,69.7,1431,2376,19,794.12
2026-04-02T00:00:00Z,returning,858,0,1023,506,49.46,172.7,2110,5914,36,1776.79
2026-04-03T00:00:00Z,new,584,584,688,436,63.37,75.9,1899,2382,19,972.45
2026-04-03T00:00:00Z,returning,779,0,909,433,47.63,163.7,3203,3057,27,904.03
2026-04-04T00:00:00Z,new,386,386,456,211,46.27,133.6,1347,1870,14,702.42
2026-04-04T00:00:00Z,returning,579,0,692,352,50.87,107.0,1395,3622,28,1057.52
2026-04-05T00:00:00Z,new,376,376,467,277,59.31,113.6,950,1538,15,807.67
2026-04-05T00:00:00Z,returning,566,0,702,433,61.68,112.6,1874,3028,22,1013.25
2026-04-06T00:00:00Z,new,459,459,594,285,47.98,110.8,2194,2995,24,1047.27
2026-04-06T00:00:00Z,returning,746,0,920,541,58.8,166.6,3501,3759,30,1639.72
2026-04-07T00:00:00Z,new,546,546,721,391,54.23,142.8,1911,2195,27,1368.5
2026-04-07T00:00:00Z,returning,699,0,902,571,63.3,125.5,2487,3430,37,1123.37
2026-04-08T00:00:00Z,new,475,475,622,330,53.05,100.6,1588,2959,19,1123.66
2026-04-08T00:00:00Z,returning,842,0,1043,582,55.8,166.5,4162,5345,30,1634.16
2026-04-09T00:00:00Z,new,517,517,611,394,64.48,115.5,1234,2445,23,867.14
2026-04-09T00:00:00Z,returning,833,0,1047,633,60.46,152.3,3073,5398,40,2040.83
2026-04-10T00:00:00Z,new,534,534,662,311,46.98,115.0,1976,2616,25,1298.34
2026-04-10T00:00:00Z,returning,756,0,898,440,49.0,107.7,2339,4207,33,1888.47
2026-04-11T00:00:00Z,new,372,372,468,249,53.21,145.5,1477,1650,14,728.47
2026-04-11T00:00:00Z,returning,635,0,765,491,64.18,129.8,2501,3143,30,904.74
2026-04-12T00:00:00Z,new,380,380,496,269,54.23,68.9,1371,1968,14,497.5
2026-04-12T00:00:00Z,returning,614,0,688,342,49.71,160.8,1848,3461,28,1039.09
2026-04-13T00:00:00Z,new,604,604,700,326,46.57,90.4,1775,2145,28,1598.68
2026-04-13T00:00:00Z,returning,694,0,876,433,49.43,181.7,2463,3287,26,1371.93
2026-04-14T00:00:00Z,new,514,514,664,411,61.9,123.1,2026,2070,26,1274.88
2026-04-14T00:00:00Z,returning,854,0,970,458,47.22,90.1,2497,4978,36,2005.93
2026-04-15T00:00:00Z,new,448,448,597,386,64.66,115.5,1963,3027,20,754.82
2026-04-15T00:00:00Z,returning,831,0,1023,646,63.15,160.9,3235,3829,32,1634.48
2026-04-16T00:00:00Z,new,462,462,579,330,56.99,126.0,1433,2570,18,548.84
2026-04-16T00:00:00Z,returning,810,0,1020,569,55.78,94.8,2056,5204,30,1401.14
2026-04-17T00:00:00Z,new,540,540,689,446,64.73,146.8,2006,2370,23,882.02
2026-04-17T00:00:00Z,returning,857,0,1117,632,56.58,119.0,3755,5331,32,1079.15
2026-04-18T00:00:00Z,new,411,411,461,280,60.74,141.4,1661,2502,14,812.46
2026-04-18T00:00:00Z,returning,559,0,655,357,54.5,82.1,2390,3243,21,991.19
2026-04-19T00:00:00Z,new,486,486,545,257,47.16,114.4,1349,2289,22,1121.5
2026-04-19T00:00:00Z,returning,599,0,695,322,46.33,92.0,2741,3140,23,1204.37
2026-04-20T00:00:00Z,new,557,557,631,329,52.14,83.0,2086,2830,22,1122.56
2026-04-20T00:00:00Z,returning,795,0,936,502,53.63,124.3,3325,5387,30,1099.72
2026-04-21T00:00:00Z,new,622,622,747,368,49.26,74.9,1896,4034,27,1518.73
2026-04-21T00:00:00Z,returning,825,0,920,586,63.7,151.5,2629,4570,31,1400.87
2026-04-22T00:00:00Z,new,566,566,709,383,54.02,146.1,1868,2970,19,926.71
2026-04-22T00:00:00Z,returning,917,0,1022,481,47.06,158.2,3239,5016,40,1620.4
2026-04-23T00:00:00Z,new,585,585,706,338,47.88,61.4,1928,3404,24,1326.56
2026-04-23T00:00:00Z,returning,950,0,1073,546,50.89,178.4,3399,3840,39,2213.66
2026-04-24T00:00:00Z,new,515,515,676,309,45.71,128.9,1495,3866,25,786.99
2026-04-24T00:00:00Z,returning,788,0,969,526,54.28,132.4,2219,4470,38,2252.55
2026-04-25T00:00:00Z,new,353,353,466,241,51.72,120.5,1669,1900,17,831.5
2026-04-25T00:00:00Z,returning,700,0,788,371,47.08,172.6,2202,3332,30,1002.4
2026-04-26T00:00:00Z,new,381,381,503,251,49.9,65.7,1072,2370,20,892.71
2026-04-26T00:00:00Z,returning,575,0,691,416,60.2,153.2,1846,3148,25,1037.28
2026-04-27T00:00:00Z,new,532,532,674,318,47.18,92.1,1929,3740,22,780.03
2026-04-27T00:00:00Z,returning,914,0,1084,702,64.76,119.4,2186,5547,32,1212.15
2026-04-28T00:00:00Z,new,449,449,563,323,57.37,75.7,1559,2876,17,991.91
2026-04-28T00:00:00Z,returning,791,0,1044,478,45.79,114.7,2995,4267,42,2114.89
